Tanggal,NO2,NO2_Clean,NO2_Moving_Avg
2025-01-03 00:00:00+00:00,5.829905512655387e-05,5.829905512655387e-05,5.829905512655387e-05
2025-01-06 00:00:00+00:00,9.930930900736712e-05,9.930930900736712e-05,7.880418206696049e-05
2025-01-07 00:00:00+00:00,0.0001031252249958,0.0001031252249958,8.691119637657366e-05
2025-01-09 00:00:00+00:00,7.522165105910972e-05,7.522165105910972e-05,8.398881004720768e-05
2025-01-18 00:00:00+00:00,5.894049293904876e-05,5.894049293904876e-05,7.897914662557589e-05
2025-01-19 00:00:00+00:00,5.019345189793967e-05,5.019345189793967e-05,7.418153083763652e-05
2025-01-22 00:00:00+00:00,3.656813350971788e-05,3.656813350971788e-05,6.880818836221958e-05
2025-01-25 00:00:00+00:00,5.164506728760898e-05,5.164506728760898e-05,6.785761867094173e-05
2025-01-26 00:00:00+00:00,6.0336795286275446e-05,6.0336795286275446e-05,6.229011671078577e-05
2025-02-06 00:00:00+00:00,3.986578963122156e-05,3.986578963122156e-05,5.3253054515846e-05
2025-02-08 00:00:00+00:00,7.482921046175761e-05,7.482921046175761e-05,5.319699157336713e-05
2025-02-09 00:00:00+00:00,3.611041271748642e-05,3.611041271748642e-05,4.993555154171537e-05
2025-02-12 00:00:00+00:00,6.303070161569242e-05,6.303070161569242e-05,5.176944435853719e-05
2025-02-13 00:00:00+00:00,8.587328375142533e-05,8.587328375142533e-05,5.8813037250209686e-05
2025-02-16 00:00:00+00:00,2.1294181351549923e-05,2.1294181351549923e-05,5.4477196402201245e-05
2025-02-19 00:00:00+00:00,9.23303741728887e-05,9.23303741728887e-05,5.904770767171742e-05
2025-02-25 00:00:00+00:00,8.60176751302788e-05,8.60176751302788e-05,6.564083417158275e-05
2025-03-01 00:00:00+00:00,5.3274146011972334e-05,5.3274146011972334e-05,6.256153925018484e-05
2025-03-02 00:00:00+00:00,3.7286290989868576e-05,3.7286290989868576e-05,6.272952186052516e-05
2025-03-03 00:00:00+00:00,3.104839318742355e-05,3.104839318742355e-05,5.816062065648674e-05
2025-03-05 00:00:00+00:00,3.432991009807059e-05,3.432991009807059e-05,5.0797281563150353e-05
2025-03-11 00:00:00+00:00,4.370059468783438e-05,4.370059468783438e-05,5.3998197754048136e-05
2025-03-12 00:00:00+00:00,4.249878475093283e-05,4.249878475093283e-05,4.6879399265197296e-05
2025-03-21 00:00:00+00:00,7.318806456169114e-05,7.318806456169114e-05,4.504659775539906e-05
2025-03-25 00:00:00+00:00,5.385197800933384e-05,5.385197800933384e-05,4.5129145183593556e-05
2025-03-26 00:00:00+00:00,6.852134538348764e-05,6.852134538348764e-05,4.959129581125342e-05
2025-03-27 00:00:00+00:00,5.330048588803038e-05,5.330048588803038e-05,5.27701661970544e-05
2025-04-01 00:00:00+00:00,6.503845361294225e-05,6.503845361294225e-05,5.7157100984893206e-05
2025-04-04 00:00:00+00:00,2.0067900550202467e-05,2.0067900550202467e-05,5.378100182237436e-05
2025-04-06 00:00:00+00:00,6.755706635885872e-05,6.755706635885872e-05,5.736075633779235e-05
2025-04-07 00:00:00+00:00,4.1286449231847655e-05,4.1286449231847655e-05,5.2803382719243276e-05
2025-04-17 00:00:00+00:00,0.000126870610984,0.000126870610984,6.323461600133845e-05
2025-04-22 00:00:00+00:00,9.104457785724662e-05,9.104457785724662e-05,6.645222064044686e-05
2025-04-23 00:00:00+00:00,0.0001064122552634,0.0001064122552634,7.403961626549968e-05
2025-04-24 00:00:00+00:00,0.0001615631044842,0.0001615631044842,8.782885210425078e-05
2025-04-26 00:00:00+00:00,5.243266059551388e-05,5.243266059551388e-05,9.245238925358099e-05
2025-04-27 00:00:00+00:00,0.0001766179848345,0.0001766179848345,0.00010803252046438688
2025-04-28 00:00:00+00:00,4.703174727183068e-05,4.703174727183068e-05,0.0001088532773272416
2025-04-29 00:00:00+00:00,4.661709590436658e-05,4.661709590436658e-05,9.738848945872255e-05
2025-04-30 00:00:00+00:00,3.6570757401932497e-05,3.6570757401932497e-05,8.960651510796337e-05
2025-05-01 00:00:00+00:00,8.752517533139326e-05,8.752517533139326e-05,8.690836083196242e-05
2025-05-03 00:00:00+00:00,6.327588198473677e-05,6.327588198473677e-05,7.28673290463248e-05
2025-05-04 00:00:00+00:00,3.769794420804829e-05,3.769794420804829e-05,7.076236956240115e-05
2025-05-05 00:00:00+00:00,2.3260068360286823e-05,2.3260068360286823e-05,4.88540957803707e-05
2025-05-10 00:00:00+00:00,4.28214389103232e-05,4.28214389103232e-05,4.82526231572982e-05
2025-05-11 00:00:00+00:00,5.8151912526227534e-05,5.8151912526227534e-05,4.9900454103278336e-05
2025-05-14 00:00:00+00:00,5.088799116492737e-05,5.088799116492737e-05,5.19457732122776e-05
2025-05-16 00:00:00+00:00,4.28034882133943e-05,4.28034882133943e-05,4.5556960766849185e-05
2025-05-17 00:00:00+00:00,3.544416176737286e-05,3.544416176737286e-05,4.158100073579719e-05
2025-05-18 00:00:00+00:00,2.806441716529661e-05,2.806441716529661e-05,4.0204782586832675e-05
2025-05-21 00:00:00+00:00,2.769662023638375e-05,2.769662023638375e-05,4.083857571198938e-05
2025-05-24 00:00:00+00:00,4.978852424149712e-05,4.978852424149712e-05,4.18338736164428e-05
2025-05-25 00:00:00+00:00,5.346330067368399e-05,5.346330067368399e-05,4.1164071923222296e-05
2025-05-28 00:00:00+00:00,4.837092637899332e-05,4.837092637899332e-05,4.0804491239517425e-05
2025-05-29 00:00:00+00:00,6.329157986328937e-05,6.329157986328937e-05,4.373136147521672e-05
2025-05-30 00:00:00+00:00,8.235734276240692e-05,8.235734276240692e-05,5.0433244474507305e-05
2025-05-31 00:00:00+00:00,6.387144821928814e-05,6.387144821928814e-05,5.554853462507752e-05
2025-06-03 00:00:00+00:00,7.071142135828268e-05,7.071142135828268e-05,6.169350621392022e-05
2025-06-04 00:00:00+00:00,4.456721217138693e-05,4.456721217138693e-05,6.0947604489618766e-05
2025-06-05 00:00:00+00:00,8.68848810569034e-05,8.68848810569034e-05,6.572211597293582e-05
2025-06-06 00:00:00+00:00,3.515795469866134e-05,3.515795469866134e-05,6.383454859003126e-05
2025-06-08 00:00:00+00:00,2.519115969334962e-05,2.519115969334962e-05,5.8391631422897004e-05
2025-06-10 00:00:00+00:00,1.367671211482957e-05,1.367671211482957e-05,4.858011275895738e-05
2025-06-11 00:00:00+00:00,3.272345566074364e-05,3.272345566074364e-05,4.4130399536308164e-05
2025-06-12 00:00:00+00:00,1.686641326159588e-05,1.686641326159588e-05,3.643825552249577e-05
2025-06-15 00:00:00+00:00,2.188175449191476e-05,2.188175449191476e-05,3.3197475853999746e-05
2025-06-16 00:00:00+00:00,2.9018346594966715e-05,2.9018346594966715e-05,2.4930828073723076e-05
2025-06-17 00:00:00+00:00,4.000853368779645e-05,4.000853368779645e-05,2.5623767929313806e-05
2025-06-21 00:00:00+00:00,3.4564738143672e-05,3.4564738143672e-05,2.6962850565074143e-05
2025-06-23 00:00:00+00:00,2.8460321118473075e-05,2.8460321118473075e-05,2.907479470845179e-05
2025-06-24 00:00:00+00:00,4.81572060380131e-05,4.81572060380131e-05,3.1279616190918856e-05
2025-06-27 00:00:00+00:00,2.018617760768393e-05,2.018617760768393e-05,3.1753868240360005e-05
2025-06-30 00:00:00+00:00,4.334211325840442e-05,4.334211325840442e-05,3.481963377842996e-05
2025-07-01 00:00:00+00:00,3.754965018742951e-05,3.754965018742951e-05,3.6038391434496066e-05
2025-07-02 00:00:00+00:00,2.8778576051990967e-05,2.8778576051990967e-05,3.443411177223814e-05
2025-07-05 00:00:00+00:00,2.933947644123691e-05,2.933947644123691e-05,3.3687645814747415e-05
2025-07-07 00:00:00+00:00,2.4566637875977904e-05,2.4566637875977904e-05,3.313140535153382e-05
2025-07-08 00:00:00+00:00,2.354900448153785e-05,2.354900448153785e-05,2.961594798632307e-05
2025-07-09 00:00:00+00:00,0.0001246100897939,0.0001246100897939,4.453364972721108e-05
2025-07-10 00:00:00+00:00,0.0001721264716252,0.0001721264716252,6.293141520818188e-05
2025-07-11 00:00:00+00:00,5.068842074251734e-05,5.068842074251734e-05,6.480838243033728e-05
2025-07-13 00:00:00+00:00,9.054344445758034e-06,9.054344445758034e-06,6.199063505801829e-05
2025-07-14 00:00:00+00:00,0.0001268186824745,0.0001268186824745,7.591623591991302e-05
2025-07-15 00:00:00+00:00,6.726755115475196e-05,6.726755115475196e-05,8.201636638830931e-05
2025-07-16 00:00:00+00:00,6.792524436605163e-05,6.792524436605163e-05,8.835582922895413e-05
2025-07-17 00:00:00+00:00,4.336514302849537e-05,4.336514302849537e-05,7.674940826246776e-05
2025-07-18 00:00:00+00:00,9.789768591872416e-05,9.789768591872416e-05,6.614529601868549e-05
2025-07-19 00:00:00+00:00,0.0001025395431497,0.0001025395431497,7.355259921971159e-05
2025-07-20 00:00:00+00:00,4.4857630200567655e-05,4.4857630200567655e-05,7.866735432754153e-05
2025-07-21 00:00:00+00:00,4.424192775331903e-05,4.424192775331903e-05,6.687067508165854e-05
2025-07-22 00:00:00+00:00,3.132229835500766e-05,3.132229835500766e-05,6.173563896740937e-05
2025-07-23 00:00:00+00:00,3.389762468941626e-05,3.389762468941626e-05,5.687455044217574e-05
2025-07-24 00:00:00+00:00,3.764140092243906e-05,3.764140092243906e-05,5.605687299845341e-05
2025-07-25 00:00:00+00:00,2.997251772285381e-05,2.997251772285381e-05,4.63532775419005e-05
2025-07-26 00:00:00+00:00,3.202018433512421e-05,3.202018433512421e-05,3.627908342553253e-05
2025-07-27 00:00:00+00:00,3.906522351826425e-05,3.906522351826425e-05,3.545159675663204e-05
2025-07-28 00:00:00+00:00,3.5643116461869795e-05,3.5643116461869795e-05,3.4223195143567864e-05
2025-07-29 00:00:00+00:00,2.3481981770601124e-05,2.3481981770601124e-05,3.310314991722407e-05
2025-07-30 00:00:00+00:00,3.00568099191878e-05,3.00568099191878e-05,3.255446209290572e-05
2025-07-31 00:00:00+00:00,3.1359320928459056e-05,3.1359320928459056e-05,3.165702209376572e-05
2025-08-01 00:00:00+00:00,3.02131961689156e-05,3.02131961689156e-05,3.1691404728917405e-05
2025-08-02 00:00:00+00:00,2.6445638468430843e-05,2.6445638468430843e-05,3.0895041033675496e-05
2025-08-03 00:00:00+00:00,2.7941108783124943e-05,2.7941108783124943e-05,2.9305881785798453e-05
2025-08-04 00:00:00+00:00,3.771808042074554e-05,3.771808042074554e-05,2.9602305208494988e-05
2025-08-06 00:00:00+00:00,3.6950696994608734e-05,3.6950696994608734e-05,3.1526407383353217e-05
2025-08-07 00:00:00+00:00,4.62652978967526e-05,4.62652978967526e-05,3.384190566586247e-05
2025-08-08 00:00:00+00:00,2.931082493281185e-05,2.931082493281185e-05,3.3549263380770014e-05
2025-08-09 00:00:00+00:00,3.213870968465926e-05,3.213870968465926e-05,3.3824336740161966e-05
2025-08-10 00:00:00+00:00,4.2426072468515486e-05,4.2426072468515486e-05,3.61072558830312e-05
2025-08-11 00:00:00+00:00,3.079953148699133e-05,3.079953148699133e-05,3.651560198358354e-05
2025-08-12 00:00:00+00:00,3.703132506416296e-05,3.703132506416296e-05,3.6417494075500314e-05
2025-08-13 00:00:00+00:00,2.5791955067688832e-05,2.5791955067688832e-05,3.482338808594033e-05
2025-08-14 00:00:00+00:00,4.252296821505297e-05,4.252296821505297e-05,3.4288769559983244e-05
2025-08-15 00:00:00+00:00,3.948916400986491e-05,3.948916400986491e-05,3.574281799956225e-05
2025-08-16 00:00:00+00:00,3.402134689167724e-05,3.402134689167724e-05,3.601176617199339e-05
2025-08-17 00:00:00+00:00,2.017062342929421e-05,2.017062342929421e-05,3.28324163092475e-05
2025-08-20 00:00:00+00:00,3.2276489946525544e-05,3.2276489946525544e-05,3.3043410374895234e-05
2025-08-22 00:00:00+00:00,7.173050835262984e-05,7.173050835262984e-05,3.8000436558961936e-05
2025-08-23 00:00:00+00:00,3.2339557947125286e-05,3.2339557947125286e-05,3.893580839888143e-05
2025-08-24 00:00:00+00:00,4.560776324069593e-05,4.560776324069593e-05,3.937649340254471e-05
2025-08-25 00:00:00+00:00,4.44464635620534e-05,4.44464635620534e-05,4.008467905285735e-05
2025-08-26 00:00:00+00:00,5.117137152410578e-05,5.117137152410578e-05,4.2534682571775715e-05
2025-08-28 00:00:00+00:00,3.395380008441862e-05,3.395380008441862e-05,4.450370780822206e-05
2025-08-29 00:00:00+00:00,2.7402539672038984e-05,2.7402539672038984e-05,4.380742919758112e-05
2025-08-30 00:00:00+00:00,2.7971600502496585e-05,2.7971600502496585e-05,3.755615664756208e-05
2025-08-31 00:00:00+00:00,2.3246634555107448e-05,2.3246634555107448e-05,3.6257167591559535e-05
2025-09-01 00:00:00+00:00,3.0095007559793885e-05,3.0095007559793885e-05,3.4041059637144955e-05
2025-09-02 00:00:00+00:00,2.231347070846823e-05,2.231347070846823e-05,3.087920351520422e-05
2025-09-03 00:00:00+00:00,2.490022450274409e-05,2.490022450274409e-05,2.7126182512152548e-05
2025-09-04 00:00:00+00:00,3.829770594165893e-05,3.829770594165893e-05,2.774674049175831e-05
2025-09-05 00:00:00+00:00,4.239106419845484e-05,4.239106419845484e-05,2.988795828124629e-05
2025-09-06 00:00:00+00:00,3.35222121066181e-05,3.35222121066181e-05,3.068090279612079e-05
2025-09-07 00:00:00+00:00,4.284176975488663e-05,4.284176975488663e-05,3.348020782466067e-05
2025-09-09 00:00:00+00:00,3.5858433875546325e-05,3.5858433875546325e-05,3.430355444119674e-05
2025-09-10 00:00:00+00:00,5.7704150094650686e-05,5.7704150094650686e-05,3.9359365782079946e-05
2025-09-11 00:00:00+00:00,2.977151052618865e-05,2.977151052618865e-05,4.0055263785429164e-05
2025-09-12 00:00:00+00:00,3.960981894124416e-05,3.960981894124416e-05,4.0242708499655624e-05
2025-09-13 00:00:00+00:00,2.64140171566396e-05,2.64140171566396e-05,3.796027320796773e-05
2025-09-14 00:00:00+00:00,3.043640799660352e-05,3.043640799660352e-05,3.7519444049394224e-05
2025-09-15 00:00:00+00:00,2.814245272020344e-05,2.814245272020344e-05,3.5419541615868055e-05
2025-09-16 00:00:00+00:00,5.173466979613295e-05,5.173466979613295e-05,3.7687575318809e-05
2025-09-19 00:00:00+00:00,1.768400579749141e-05,1.768400579749141e-05,3.197041184778625e-05
2025-09-21 00:00:00+00:00,3.380229463800788e-05,3.380229463800788e-05,3.2546238149474706e-05
2025-09-22 00:00:00+00:00,4.075514880241826e-05,4.075514880241826e-05,3.2709856701071006e-05
2025-09-23 00:00:00+00:00,0.000254660468272,0.000254660468272,6.531649257469392e-05
2025-09-24 00:00:00+00:00,0.0002585107722552,0.0002585107722552,9.789854461163627e-05
2025-09-25 00:00:00+00:00,3.1738948564452585e-05,3.1738948564452585e-05,9.841232973224329e-05
2025-09-26 00:00:00+00:00,2.7641009182843845e-05,2.7641009182843845e-05,9.497037821605913e-05
2025-09-27 00:00:00+00:00,3.055052911804523e-05,3.055052911804523e-05,9.680845297613825e-05
2025-09-28 00:00:00+00:00,2.536396095820237e-05,2.536396095820237e-05,9.560297673616602e-05
2025-09-29 00:00:00+00:00,2.9198627544246847e-05,2.9198627544246847e-05,9.395204512785582e-05
2025-10-02 00:00:00+00:00,7.643982280569617e-05,7.643982280569617e-05,6.849195291838387e-05
2025-10-03 00:00:00+00:00,0.000130197720864,0.000130197720864,5.016151700535529e-05
2025-10-04 00:00:00+00:00,3.015259426319972e-05,3.015259426319972e-05,4.993489496231917e-05
2025-10-05 00:00:00+00:00,1.990785312955268e-05,1.990785312955268e-05,4.8830158383277574e-05
2025-10-06 00:00:00+00:00,4.440714246811695e-05,4.440714246811695e-05,5.0809674576144965e-05
2025-10-07 00:00:00+00:00,3.8613386095676105e-05,3.8613386095676105e-05,5.270244959578407e-05
2025-10-08 00:00:00+00:00,0.0001038307600538,0.0001038307600538,6.336418281143451e-05
2025-10-09 00:00:00+00:00,4.643028023565421e-05,4.643028023565421e-05,5.9077105301428524e-05
2025-10-10 00:00:00+00:00,2.600689367682208e-05,2.600689367682208e-05,4.4192701417545966e-05
2025-10-11 00:00:00+00:00,4.237476969137788e-05,4.237476969137788e-05,4.593872647871426e-05
2025-10-12 00:00:00+00:00,1.769331174727995e-05,1.769331174727995e-05,4.562236342410388e-05
2025-10-13 00:00:00+00:00,-1.0082445669468143e-06,-1.0082445669468143e-06,3.9134450990523337e-05
2025-10-14 00:00:00+00:00,3.081906652369071e-05,3.081906652369071e-05,3.802097676595399e-05
2025-10-16 00:00:00+00:00,2.7669767405313905e-05,2.7669767405313905e-05,2.714083495902742e-05
2025-10-17 00:00:00+00:00,1.9128590565742343e-05,1.9128590565742343e-05,2.3240593577611435e-05
2025-10-18 00:00:00+00:00,7.723393688744787e-06,7.723393688744787e-06,2.0628665007886106e-05
2025-10-19 00:00:00+00:00,5.359453280107118e-05,5.359453280107118e-05,2.2231488309270865e-05
2025-10-26 00:00:00+00:00,0.0001374751421584,0.0001374751421584,3.93431783680023e-05
2025-11-07 00:00:00+00:00,5.023576068197144e-05,5.023576068197144e-05,4.6663750546419194e-05
2025-11-20 00:00:00+00:00,7.369881495833397e-05,7.369881495833397e-05,5.278942889422538e-05
2025-11-21 00:00:00+00:00,3.738547093234956e-05,3.738547093234956e-05,5.417738654094475e-05
2025-11-22 00:00:00+00:00,0.0001063599775079,0.0001063599775079,6.663901324696728e-05
2025-11-23 00:00:00+00:00,6.948224836378358e-05,6.948224836378358e-05,7.546170677197282e-05
2025-11-25 00:00:00+00:00,6.0332080465741456e-05,6.0332080465741456e-05,7.642421358121142e-05
2025-11-26 00:00:00+00:00,0.0001164826899184,0.0001164826899184,7.342529183264e-05
2025-12-03 00:00:00+00:00,0.0001227753618877,0.0001227753618877,8.378809200488694e-05
2025-12-05 00:00:00+00:00,5.068264999863459e-05,5.068264999863459e-05,8.05000684392156e-05
2025-12-11 00:00:00+00:00,4.549102595774457e-05,4.549102595774457e-05,8.165800487141489e-05
2025-12-12 00:00:00+00:00,0.0001095536135835,0.0001095536135835,8.21142385965006e-05
2025-12-15 00:00:00+00:00,7.7468486779253e-05,7.7468486779253e-05,8.32551297987105e-05
2025-12-17 00:00:00+00:00,8.628101568319835e-05,8.628101568319835e-05,8.69621205440615e-05
2025-12-22 00:00:00+00:00,4.34528828918701e-05,4.34528828918701e-05,7.652929096884294e-05
2025-12-24 00:00:00+00:00,6.67209314997308e-05,6.67209314997308e-05,6.852151519913305e-05
2025-12-29 00:00:00+00:00,0.0002097940850944,0.0002097940850944,9.125172021281382e-05
