Tanggal,SO2
2025-09-01,-9999
2025-09-01,-9999
2025-09-01,-9999
2025-09-01,2.9808128601853536E-4
2025-09-01,-9999
2025-09-01,-9999
2025-09-01,-9999
2025-09-01,-9999
2025-09-01,-9999
2025-09-01,-9999
2025-09-01,-9999
2025-09-01,-9999
2025-09-01,-9999
2025-09-01,-9999
2025-09-02,-9999
2025-09-02,-9999
2025-09-02,-9999
2025-09-02,7.74823492974509E-5
2025-09-02,-9999
2025-09-02,-9999
2025-09-02,-9999
2025-09-02,-9999
2025-09-02,-9999
2025-09-02,-9999
2025-09-02,-9999
2025-09-02,-9999
2025-09-02,-9999
2025-09-02,-9999
2025-09-03,-9999
2025-09-03,-9999
2025-09-03,-9999
2025-09-03,2.1798457601094568E-4
2025-09-03,-9999
2025-09-03,-9999
2025-09-03,-9999
2025-09-03,-9999
2025-09-03,-9999
2025-09-03,-9999
2025-09-03,-9999
2025-09-03,-9999
2025-09-03,-9999
2025-09-03,-9999
2025-09-04,-9999
2025-09-04,-9999
2025-09-04,-9999
2025-09-04,2.9108185443259103E-4
2025-09-04,-9999
2025-09-04,-9999
2025-09-04,-9999
2025-09-04,-9999
2025-09-04,-9999
2025-09-04,-9999
2025-09-04,-9999
2025-09-04,-9999
2025-09-04,-9999
2025-09-04,-9999
2025-09-04,-9999
2025-09-05,-9999
2025-09-05,-9999
2025-09-05,4.074504540765074E-4
2025-09-05,-9999
2025-09-05,-9999
2025-09-05,-9999
2025-09-05,-9999
2025-09-05,-9999
2025-09-05,-9999
2025-09-05,-9999
2025-09-05,-9999
2025-09-05,-9999
2025-09-05,-9999
2025-09-05,-9999
2025-09-06,-9999
2025-09-06,-9999
2025-09-06,-9999
2025-09-06,-9999
2025-09-06,-9999
2025-09-06,-9999
2025-09-06,-9999
2025-09-06,-9999
2025-09-06,-9999
2025-09-06,-9999
2025-09-06,-9999
2025-09-06,-9999
2025-09-06,-9999
2025-09-06,-9999
2025-09-07,-9999
2025-09-07,-9999
2025-09-07,-9999
2025-09-07,3.069602826142703E-4
2025-09-07,-9999
2025-09-07,-9999
2025-09-07,-9999
2025-09-07,-9999
2025-09-07,-9999
2025-09-07,-9999
2025-09-07,-9999
2025-09-07,-9999
2025-09-07,-9999
2025-09-07,-9999
2025-09-08,-9999
2025-09-08,-9999
2025-09-08,-9999
2025-09-08,-9999
2025-09-08,-9999
2025-09-08,-9999
2025-09-08,-9999
2025-09-08,-9999
2025-09-08,-9999
2025-09-08,-9999
2025-09-08,-9999
2025-09-08,-9999
2025-09-08,-9999
2025-09-08,-9999
2025-09-09,-9999
2025-09-09,-9999
2025-09-09,-9999
2025-09-09,-1.6641839465582066E-4
2025-09-09,-9999
2025-09-09,-9999
2025-09-09,-9999
2025-09-09,-9999
2025-09-09,-9999
2025-09-09,-9999
2025-09-09,-9999
2025-09-09,-9999
2025-09-09,-9999
2025-09-09,-9999
2025-09-10,-9999
2025-09-10,-9999
2025-09-10,-9999
2025-09-10,-9999
2025-09-10,-9999
2025-09-10,-9999
2025-09-10,-9999
2025-09-10,-9999
2025-09-10,-9999
2025-09-10,-9999
2025-09-10,-9999
2025-09-10,-9999
2025-09-10,-9999
2025-09-10,-9999
2025-09-10,-9999
2025-09-11,-9999
2025-09-11,-9999
2025-09-11,-9999
2025-09-11,8.985138265410631E-4
2025-09-11,-9999
2025-09-11,-9999
2025-09-11,-9999
2025-09-11,-9999
2025-09-11,-9999
2025-09-11,-9999
2025-09-11,-9999
2025-09-11,-9999
2025-09-11,-9999
2025-09-11,-9999
2025-09-12,-9999
2025-09-12,-9999
2025-09-12,-9999
2025-09-12,1.894009910755585E-4
2025-09-12,-9999
2025-09-12,-9999
2025-09-12,-9999
2025-09-12,-9999
2025-09-12,-9999
2025-09-12,-9999
2025-09-12,-9999
2025-09-12,-9999
2025-09-12,-9999
2025-09-12,-9999
2025-09-13,-9999
2025-09-13,-9999
2025-09-13,-9999
2025-09-13,3.019900588100212E-4
2025-09-13,-9999
2025-09-13,-9999
2025-09-13,-9999
2025-09-13,-9999
2025-09-13,-9999
2025-09-13,-9999
2025-09-13,-9999
2025-09-13,-9999
2025-09-13,-9999
2025-09-13,-9999
2025-09-14,-9999
2025-09-14,-9999
2025-09-14,-9999
2025-09-14,4.922773223367358E-4
2025-09-14,-9999
2025-09-14,-9999
2025-09-14,-9999
2025-09-14,-9999
2025-09-14,-9999
2025-09-14,-9999
2025-09-14,-9999
2025-09-14,-9999
2025-09-14,-9999
2025-09-14,-9999
2025-09-15,-9999
2025-09-15,-9999
2025-09-15,-9999
2025-09-15,-2.8776557883230456E-4
2025-09-15,-9999
2025-09-15,-9999
2025-09-15,-9999
2025-09-15,-9999
2025-09-15,-9999
2025-09-15,-9999
2025-09-15,-9999
2025-09-15,-9999
2025-09-15,-9999
2025-09-15,-9999
2025-09-15,-9999
2025-09-16,-9999
2025-09-16,-9999
2025-09-16,-1.2467425862169518E-4
2025-09-16,-9999
2025-09-16,-9999
2025-09-16,-9999
2025-09-16,-9999
2025-09-16,-9999
2025-09-16,-9999
2025-09-16,-9999
2025-09-16,-9999
2025-09-16,-9999
2025-09-16,-9999
2025-09-16,-9999
2025-09-17,-9999
2025-09-17,-9999
2025-09-17,-9999
2025-09-17,-9999
2025-09-17,-9999
2025-09-17,-9999
2025-09-17,-9999
2025-09-17,-9999
2025-09-17,-9999
2025-09-17,-9999
2025-09-17,-9999
2025-09-17,-9999
2025-09-17,-9999
2025-09-17,-9999
2025-09-18,-9999
2025-09-18,-9999
2025-09-18,-9999
2025-09-18,-9999
2025-09-18,-9999
2025-09-18,-9999
2025-09-18,-9999
2025-09-18,-9999
2025-09-18,-9999
2025-09-18,-9999
2025-09-18,-9999
2025-09-18,-9999
2025-09-18,-9999
2025-09-18,-9999
2025-09-19,-9999
2025-09-19,-9999
2025-09-19,-9999
2025-09-19,-9999
2025-09-19,-9999
2025-09-19,-9999
2025-09-19,-9999
2025-09-19,-9999
2025-09-19,-9999
2025-09-19,-9999
2025-09-19,-9999
2025-09-19,-9999
2025-09-19,-9999
2025-09-19,-9999
2025-09-20,-9999
2025-09-20,-9999
2025-09-20,-9999
2025-09-20,-9999
2025-09-20,-9999
2025-09-20,-9999
2025-09-20,-9999
2025-09-20,-9999
2025-09-20,-9999
2025-09-20,-9999
2025-09-20,-9999
2025-09-20,-9999
2025-09-20,-9999
2025-09-20,-9999
2025-09-20,-9999
2025-09-21,-9999
2025-09-21,-9999
2025-09-21,-1.7552981444158297E-4
2025-09-21,-9999
2025-09-21,-9999
2025-09-21,-9999
2025-09-21,-9999
2025-09-21,-9999
2025-09-21,-9999
2025-09-21,-9999
2025-09-21,-9999
2025-09-21,-9999
2025-09-21,-9999
2025-09-22,-9999
2025-09-22,-9999
2025-09-22,-9999
2025-09-22,3.468487411735359E-4
2025-09-22,-9999
2025-09-22,-9999
2025-09-22,-9999
2025-09-22,-9999
2025-09-22,-9999
2025-09-22,-9999
2025-09-22,-9999
2025-09-22,-9999
2025-09-22,-9999
2025-09-22,-9999
2025-09-23,-9999
2025-09-23,-9999
2025-09-23,-9999
2025-09-23,6.821612478229778E-4
2025-09-23,-9999
2025-09-23,-9999
2025-09-23,-9999
2025-09-23,-9999
2025-09-23,-9999
2025-09-23,-9999
2025-09-23,-9999
2025-09-23,-9999
2025-09-23,-9999
2025-09-23,-9999
2025-09-24,-9999
2025-09-24,-9999
2025-09-24,-9999
2025-09-24,-1.5141941548781692E-4
2025-09-24,-9999
2025-09-24,-9999
2025-09-24,-9999
2025-09-24,-9999
2025-09-24,-9999
2025-09-24,-9999
2025-09-24,-9999
2025-09-24,-9999
2025-09-24,-9999
2025-09-24,-9999
2025-09-25,-9999
2025-09-25,-9999
2025-09-25,-9999
2025-09-25,9.416283319291128E-6
2025-09-25,-9999
2025-09-25,-9999
2025-09-25,-9999
2025-09-25,-9999
2025-09-25,-9999
2025-09-25,-9999
2025-09-25,-9999
2025-09-25,-9999
2025-09-25,-9999
2025-09-26,-9999
2025-09-26,-9999
2025-09-26,-9999
2025-09-26,-6.3885672716385515E-6
2025-09-26,-9999
2025-09-26,-9999
2025-09-26,-9999
2025-09-26,-9999
2025-09-26,-9999
2025-09-26,-9999
2025-09-26,-9999
2025-09-26,-9999
2025-09-26,-9999
2025-09-26,-9999
2025-09-26,-9999
2025-09-27,-9999
2025-09-27,-9999
2025-09-27,-9999
2025-09-27,-3.731549077199394E-4
2025-09-27,-9999
2025-09-27,-9999
2025-09-27,-9999
2025-09-27,-9999
2025-09-27,-9999
2025-09-27,-9999
2025-09-27,-9999
2025-09-27,-9999
2025-09-27,-9999
2025-09-27,-9999
2025-09-28,-9999
2025-09-28,-9999
2025-09-28,-9999
2025-09-28,-2.1881135762656008E-4
2025-09-28,-9999
2025-09-28,-9999
2025-09-28,-9999
2025-09-28,-9999
2025-09-28,-9999
2025-09-28,-9999
2025-09-28,-9999
2025-09-28,-9999
2025-09-28,-9999
2025-09-28,-9999
2025-09-29,-9999
2025-09-29,-9999
2025-09-29,-9999
2025-09-29,-9999
2025-09-29,-9999
2025-09-29,-9999
2025-09-29,-9999
2025-09-29,-9999
2025-09-29,-9999
2025-09-29,-9999
2025-09-29,-9999
2025-09-29,-9999
2025-09-29,-9999
2025-09-29,-9999
2025-09-30,-9999
2025-09-30,-9999
2025-09-30,-9999
2025-09-30,-9999
2025-09-30,-9999
2025-09-30,-9999
2025-09-30,-9999
2025-09-30,-9999
2025-09-30,-9999
2025-09-30,-9999
2025-09-30,-9999
2025-09-30,-9999
2025-09-30,-9999
2025-09-30,-9999
2025-10-01,-9999
2025-10-01,-9999
2025-10-01,-9999
2025-10-01,-9999
2025-10-01,-9999
2025-10-01,-9999
2025-10-01,-9999
2025-10-01,-9999
2025-10-01,-9999
2025-10-01,-9999
2025-10-01,-9999
2025-10-01,-9999
2025-10-01,-9999
2025-10-01,-9999
2025-10-01,-9999
2025-10-02,-9999
2025-10-02,-9999
2025-10-02,-9999
2025-10-02,-9999
2025-10-02,-9999
2025-10-02,-9999
2025-10-02,-9999
2025-10-02,-9999
2025-10-02,-9999
2025-10-02,-9999
2025-10-02,-9999
2025-10-02,-9999
2025-10-02,-9999
2025-10-02,-9999
2025-10-03,-9999
2025-10-03,-9999
2025-10-03,-9999
2025-10-03,9.745031968434487E-5
2025-10-03,-9999
2025-10-03,-9999
2025-10-03,-9999
2025-10-03,-9999
2025-10-03,-9999
2025-10-03,-9999
2025-10-03,-9999
2025-10-03,-9999
2025-10-03,-9999
2025-10-03,-9999
2025-10-04,-9999
2025-10-04,-9999
2025-10-04,-9999
2025-10-04,9.372503700427672E-5
2025-10-04,-9999
2025-10-04,-9999
2025-10-04,-9999
2025-10-04,-9999
2025-10-04,-9999
2025-10-04,-9999
2025-10-04,-9999
2025-10-04,-9999
2025-10-04,-9999
2025-10-04,-9999
2025-10-05,-9999
2025-10-05,-9999
2025-10-05,-9999
2025-10-05,-4.7125699570501586E-4
2025-10-05,-9999
2025-10-05,-9999
2025-10-05,-9999
2025-10-05,-9999
2025-10-05,-9999
2025-10-05,-9999
2025-10-05,-9999
2025-10-05,-9999
2025-10-05,-9999
2025-10-05,-9999
2025-10-06,-9999
2025-10-06,-9999
2025-10-06,-9999
2025-10-06,-1.3573787873621994E-4
2025-10-06,-9999
2025-10-06,-9999
2025-10-06,-9999
2025-10-06,-9999
2025-10-06,-9999
2025-10-06,-9999
2025-10-06,-9999
2025-10-06,-9999
2025-10-06,-9999
2025-10-06,-9999
2025-10-06,-9999
2025-10-07,-9999
2025-10-07,-9999
2025-10-07,4.945117316633664E-5
2025-10-07,-9999
2025-10-07,-9999
2025-10-07,-9999
2025-10-07,-9999
2025-10-07,-9999
2025-10-07,-9999
2025-10-07,-9999
2025-10-07,-9999
2025-10-07,-9999
2025-10-07,-9999
2025-10-07,-9999
2025-10-08,-9999
2025-10-08,-9999
2025-10-08,-9999
2025-10-08,-9999
2025-10-08,-9999
2025-10-08,-9999
2025-10-08,-9999
2025-10-08,-9999
2025-10-08,-9999
2025-10-08,-9999
2025-10-08,-9999
2025-10-08,-9999
2025-10-08,-9999
2025-10-08,-9999
2025-10-09,-9999
2025-10-09,-9999
2025-10-09,-9999
2025-10-09,-2.260465407742693E-4
2025-10-09,-9999
2025-10-09,-9999
2025-10-09,-9999
2025-10-09,-9999
2025-10-09,-9999
2025-10-09,-9999
2025-10-09,-9999
2025-10-09,-9999
2025-10-09,-9999
2025-10-09,-9999
2025-10-10,-9999
2025-10-10,-9999
2025-10-10,-9999
2025-10-10,2.6001907314463873E-4
2025-10-10,-9999
2025-10-10,-9999
2025-10-10,-9999
2025-10-10,-9999
2025-10-10,-9999
2025-10-10,-9999
2025-10-10,-9999
2025-10-10,-9999
2025-10-10,-9999
2025-10-10,-9999
2025-10-11,-9999
2025-10-11,-9999
2025-10-11,-9999
2025-10-11,-1.1279141837255017E-4
2025-10-11,-9999
2025-10-11,-9999
2025-10-11,-9999
2025-10-11,-9999
2025-10-11,-9999
2025-10-11,-9999
2025-10-11,-9999
2025-10-11,-9999
2025-10-11,-9999
2025-10-11,-9999
2025-10-11,-9999
2025-10-12,-9999
2025-10-12,-9999
2025-10-12,3.973413290827452E-4
2025-10-12,-9999
2025-10-12,-9999
2025-10-12,-9999
2025-10-12,-9999
2025-10-12,-9999
2025-10-12,-9999
2025-10-12,-9999
2025-10-12,-9999
2025-10-12,-9999
2025-10-12,-9999
2025-10-12,-9999
2025-10-13,-9999
2025-10-13,-9999
2025-10-13,-9999
2025-10-13,-9999
2025-10-13,-9999
2025-10-13,-9999
2025-10-13,-9999
2025-10-13,-9999
2025-10-13,-9999
2025-10-13,-9999
2025-10-13,-9999
2025-10-13,-9999
2025-10-13,-9999
2025-10-13,-9999
2025-10-14,-9999
2025-10-14,-9999
2025-10-14,-9999
2025-10-14,2.407910129901503E-5
2025-10-14,-9999
2025-10-14,-9999
2025-10-14,-9999
2025-10-14,-9999
2025-10-14,-9999
2025-10-14,-9999
2025-10-14,-9999
2025-10-14,-9999
2025-10-14,-9999
2025-10-14,-9999
2025-10-15,-9999
2025-10-15,-9999
2025-10-15,-9999
2025-10-15,-9999
2025-10-15,-9999
2025-10-15,-9999
2025-10-15,-9999
2025-10-15,-9999
2025-10-15,-9999
2025-10-15,-9999
2025-10-15,-9999
2025-10-15,-9999
2025-10-15,-9999
2025-10-15,-9999
2025-10-16,-9999
2025-10-16,-9999
2025-10-16,-9999
2025-10-16,4.3088934035014566E-5
2025-10-16,-9999
2025-10-16,-9999
2025-10-16,-9999
2025-10-16,-9999
2025-10-16,-9999
2025-10-16,-9999
2025-10-16,-9999
2025-10-16,-9999
2025-10-16,-9999
2025-10-16,-9999
2025-10-17,-9999
2025-10-17,-9999
2025-10-17,-9999
2025-10-17,-2.657780132724291E-4
2025-10-17,-9999
2025-10-17,-9999
2025-10-17,-9999
2025-10-17,-9999
2025-10-17,-9999
2025-10-17,-9999
2025-10-17,-9999
2025-10-17,-9999
2025-10-17,-9999
2025-10-17,-9999
2025-10-17,-9999
2025-10-18,-9999
2025-10-18,-9999
2025-10-18,-9999
2025-10-18,-9999
2025-10-18,-9999
2025-10-18,-9999
2025-10-18,-9999
2025-10-18,-9999
2025-10-18,-9999
2025-10-18,-9999
2025-10-18,-9999
2025-10-18,-9999
2025-10-18,-9999
2025-10-18,-9999
2025-10-19,-9999
2025-10-19,-9999
2025-10-19,-9999
2025-10-19,-9999
2025-10-19,-9999
2025-10-19,-9999
2025-10-19,-9999
2025-10-19,-9999
2025-10-19,-9999
2025-10-19,-9999
2025-10-19,-9999
2025-10-19,-9999
2025-10-19,-9999
2025-10-19,-9999
2025-10-20,-9999
2025-10-20,-9999
2025-10-20,-9999
2025-10-20,-9999
2025-10-20,-9999
2025-10-20,-9999
2025-10-20,-9999
2025-10-20,-9999
2025-10-20,-9999
2025-10-20,-9999
2025-10-20,-9999
2025-10-20,-9999
2025-10-20,-9999
2025-10-20,-9999
2025-10-21,-9999
2025-10-21,-9999
2025-10-21,-9999
2025-10-21,-9999
2025-10-21,-9999
2025-10-21,-9999
2025-10-21,-9999
2025-10-21,-9999
2025-10-21,-9999
2025-10-21,-9999
2025-10-21,-9999
2025-10-21,-9999
2025-10-21,-9999
2025-10-21,-9999
2025-10-22,-9999
2025-10-22,-9999
2025-10-22,-9999
2025-10-22,-9999
2025-10-22,-9999
2025-10-22,-9999
2025-10-22,-9999
2025-10-22,-9999
2025-10-22,-9999
2025-10-22,-9999
2025-10-22,-9999
2025-10-22,-9999
2025-10-22,-9999
2025-10-22,-9999
2025-10-23,-9999
2025-10-23,-9999
2025-10-23,-9999
2025-10-23,-9999
2025-10-23,-9999
2025-10-23,-9999
2025-10-23,-9999
2025-10-23,-9999
2025-10-23,-9999
2025-10-23,-9999
2025-10-23,-9999
2025-10-23,-9999
2025-10-23,-9999
2025-10-23,-9999
2025-10-24,-9999
2025-10-24,-9999
2025-10-24,-9999
2025-10-24,-9999
2025-10-24,-9999
2025-10-24,-9999
2025-10-24,-9999
2025-10-24,-9999
2025-10-24,-9999
2025-10-24,-9999
2025-10-24,-9999
2025-10-24,-9999
2025-10-24,-9999
2025-10-24,-9999
2025-10-25,-9999
2025-10-25,-9999
2025-10-25,-9999
2025-10-25,-9999
2025-10-25,-9999
2025-10-25,-9999
2025-10-25,-9999
2025-10-25,-9999
2025-10-25,-9999
2025-10-25,-9999
2025-10-25,-9999
2025-10-25,-9999
2025-10-25,-9999
2025-10-25,-9999
2025-10-26,-9999
2025-10-26,-9999
2025-10-26,-9999
2025-10-26,-9999
2025-10-26,-9999
2025-10-26,-9999
2025-10-26,-9999
2025-10-26,-9999
2025-10-26,-9999
2025-10-26,-9999
2025-10-26,-9999
2025-10-26,-9999
2025-10-26,-9999
2025-10-26,-9999
2025-10-27,-9999
2025-10-27,-9999
2025-10-27,-9999
2025-10-27,-9999
2025-10-27,-9999
2025-10-27,-9999
2025-10-27,-9999
2025-10-27,-9999
2025-10-27,-9999
2025-10-27,-9999
2025-10-27,-9999
2025-10-27,-9999
2025-10-27,-9999
2025-10-27,-9999
2025-10-27,-9999
2025-10-28,-9999
2025-10-28,-9999
2025-10-28,-9999
2025-10-28,-9999
2025-10-28,-9999
2025-10-28,-9999
2025-10-28,-9999
2025-10-28,-9999
2025-10-28,-9999
2025-10-28,-9999
2025-10-28,-9999
2025-10-28,-9999
2025-10-28,-9999
2025-10-28,-9999
2025-10-29,-9999
2025-10-29,-9999
2025-10-29,-9999
2025-10-29,-9999
2025-10-29,-9999
2025-10-29,-9999
2025-10-29,-9999
2025-10-29,-9999
2025-10-29,-9999
2025-10-29,-9999
2025-10-29,-9999
2025-10-29,-9999
2025-10-29,-9999
2025-10-29,-9999
2025-10-30,-9999
2025-10-30,-9999
2025-10-30,-9999
2025-10-30,-9999
2025-10-30,-9999
2025-10-30,-9999
2025-10-30,-9999
2025-10-30,-9999
2025-10-30,-9999
2025-10-30,-9999
2025-10-30,-9999
2025-10-30,-9999
2025-10-30,-9999
2025-10-30,-9999
2025-10-31,-9999
2025-10-31,-9999
2025-10-31,-9999
2025-10-31,-9999
2025-10-31,-9999
2025-10-31,-9999
2025-10-31,-9999
2025-10-31,-9999
2025-10-31,-9999
2025-10-31,-9999
2025-10-31,-9999
2025-10-31,-9999
2025-10-31,-9999
2025-10-31,-9999
2025-11-01,-9999
2025-11-01,-9999
2025-11-01,-9999
2025-11-01,-9999
2025-11-01,-9999
2025-11-01,-9999
2025-11-01,-9999
2025-11-01,-9999
2025-11-01,-9999
2025-11-01,-9999
2025-11-01,-9999
2025-11-01,-9999
2025-11-01,-9999
2025-11-01,-9999
2025-11-02,-9999
2025-11-02,-9999
2025-11-02,-9999
2025-11-02,-9999
2025-11-02,-9999
2025-11-02,-9999
2025-11-02,-9999
2025-11-02,-9999
2025-11-02,-9999
2025-11-02,-9999
2025-11-02,-9999
2025-11-02,-9999
2025-11-02,-9999
2025-11-02,-9999
2025-11-02,-9999
2025-11-03,-9999
2025-11-03,-9999
2025-11-03,-9999
2025-11-03,-9999
2025-11-03,-9999
2025-11-03,-9999
2025-11-03,-9999
2025-11-03,-9999
2025-11-03,-9999
2025-11-03,-9999
2025-11-03,-9999
2025-11-03,-9999
2025-11-03,-9999
2025-11-03,-9999
2025-11-04,-9999
2025-11-04,-9999
2025-11-04,-9999
2025-11-04,-9999
2025-11-04,-9999
2025-11-04,-9999
2025-11-04,-9999
2025-11-04,-9999
2025-11-04,-9999
2025-11-04,-9999
2025-11-04,-9999
2025-11-04,-9999
2025-11-04,-9999
2025-11-04,-9999
2025-11-05,-9999
2025-11-05,-9999
2025-11-05,-9999
2025-11-05,-9999
2025-11-05,-9999
2025-11-05,-9999
2025-11-05,-9999
2025-11-05,-9999
2025-11-05,-9999
2025-11-05,-9999
2025-11-05,-9999
2025-11-05,-9999
2025-11-05,-9999
2025-11-05,-9999
2025-11-06,-9999
2025-11-06,-9999
2025-11-06,-9999
2025-11-06,-9999
2025-11-06,-9999
2025-11-06,-9999
2025-11-06,-9999
2025-11-06,-9999
2025-11-06,-9999
2025-11-06,-9999
2025-11-06,-9999
2025-11-06,-9999
2025-11-06,-9999
2025-11-06,-9999
2025-11-07,-9999
2025-11-07,-9999
2025-11-07,-9999
2025-11-07,-6.303802365442323E-5
2025-11-07,-9999
2025-11-07,-9999
2025-11-07,-9999
2025-11-07,-9999
2025-11-07,-9999
2025-11-07,-9999
2025-11-07,-9999
2025-11-07,-9999
2025-11-07,-9999
2025-11-07,-9999
2025-11-07,-9999
2025-11-08,-9999
2025-11-08,-9999
2025-11-08,-9999
2025-11-08,-9999
2025-11-08,-9999
2025-11-08,-9999
2025-11-08,-9999
2025-11-08,-9999
2025-11-08,-9999
2025-11-08,-9999
2025-11-08,-9999
2025-11-08,-9999
2025-11-08,-9999
2025-11-08,-9999
2025-11-09,-9999
2025-11-09,-9999
2025-11-09,-9999
2025-11-09,-9999
2025-11-09,-9999
2025-11-09,-9999
2025-11-09,-9999
2025-11-09,-9999
2025-11-09,-9999
2025-11-09,-9999
2025-11-09,-9999
2025-11-09,-9999
2025-11-09,-9999
2025-11-09,-9999
2025-11-10,-9999
2025-11-10,-9999
2025-11-10,-9999
2025-11-10,-9999
2025-11-10,-9999
2025-11-10,-9999
2025-11-10,-9999
2025-11-10,-9999
2025-11-10,-9999
2025-11-10,-9999
2025-11-10,-9999
2025-11-10,-9999
2025-11-10,-9999
2025-11-10,-9999
2025-11-11,-9999
2025-11-11,-9999
2025-11-11,-9999
2025-11-11,-9999
2025-11-11,-9999
2025-11-11,-9999
2025-11-11,-9999
2025-11-11,-9999
2025-11-11,-9999
2025-11-11,-9999
2025-11-11,-9999
2025-11-11,-9999
2025-11-11,-9999
2025-11-11,-9999
2025-11-12,-9999
2025-11-12,-9999
2025-11-12,-9999
2025-11-12,-9999
2025-11-12,-9999
2025-11-12,-9999
2025-11-12,-9999
2025-11-12,-9999
2025-11-12,-9999
2025-11-12,-9999
2025-11-12,-9999
2025-11-12,-9999
2025-11-12,-9999
2025-11-12,-9999
2025-11-13,-9999
2025-11-13,-9999
2025-11-13,-9999
2025-11-13,-9999
2025-11-13,-9999
2025-11-13,-9999
2025-11-13,-9999
2025-11-13,-9999
2025-11-13,-9999
2025-11-13,-9999
2025-11-13,-9999
2025-11-13,-9999
2025-11-13,-9999
2025-11-13,-9999
2025-11-14,-9999
2025-11-14,-9999
2025-11-14,-9999
2025-11-14,-9999
2025-11-14,-9999
2025-11-14,-9999
2025-11-14,-9999
2025-11-14,-9999
2025-11-14,-9999
2025-11-14,-9999
2025-11-14,-9999
2025-11-14,-9999
2025-11-14,-9999
2025-11-14,-9999
2025-11-15,-9999
2025-11-15,-9999
2025-11-15,-9999
2025-11-15,-9999
2025-11-15,-9999
2025-11-15,-9999
2025-11-15,-9999
2025-11-15,-9999
2025-11-15,-9999
2025-11-15,-9999
2025-11-15,-9999
2025-11-15,-9999
2025-11-15,-9999
2025-11-15,-9999
2025-11-16,-9999
2025-11-16,-9999
2025-11-16,-9999
2025-11-16,-9999
2025-11-16,-9999
2025-11-16,-9999
2025-11-16,-9999
2025-11-16,-9999
2025-11-16,-9999
2025-11-16,-9999
2025-11-16,-9999
2025-11-16,-9999
2025-11-16,-9999
2025-11-16,-9999
2025-11-17,-9999
2025-11-17,-9999
2025-11-17,-9999
2025-11-17,-9999
2025-11-17,-9999
2025-11-17,-9999
2025-11-17,-9999
2025-11-17,-9999
2025-11-17,-9999
2025-11-17,-9999
2025-11-17,-9999
2025-11-17,-9999
2025-11-17,-9999
2025-11-17,-9999
2025-11-18,-9999
2025-11-18,-9999
2025-11-18,-9999
2025-11-18,-9999
2025-11-18,-9999
2025-11-18,-9999
2025-11-18,-9999
2025-11-18,-9999
2025-11-18,-9999
2025-11-18,-9999
2025-11-18,-9999
2025-11-18,-9999
2025-11-18,-9999
2025-11-18,-9999
2025-11-18,-9999
2025-11-19,-9999
2025-11-19,-9999
2025-11-19,-9999
2025-11-19,-9999
2025-11-19,-9999
2025-11-19,-9999
2025-11-19,-9999
2025-11-19,-9999
2025-11-19,-9999
2025-11-19,-9999
2025-11-19,-9999
2025-11-19,-9999
2025-11-19,-9999
2025-11-19,-9999
2025-11-20,-9999
2025-11-20,-9999
2025-11-20,-9999
2025-11-20,-9999
2025-11-20,-9999
2025-11-20,-9999
2025-11-20,-9999
2025-11-20,-9999
2025-11-20,-9999
2025-11-20,-9999
2025-11-20,-9999
2025-11-20,-9999
2025-11-20,-9999
2025-11-21,-9999
2025-11-21,-9999
2025-11-21,-9999
2025-11-21,-9999
2025-11-21,-9999
2025-11-21,-9999
2025-11-21,-9999
2025-11-21,-9999
2025-11-21,-9999
2025-11-21,-9999
2025-11-21,-9999
2025-11-21,-9999
2025-11-21,-9999
2025-11-21,-9999
2025-11-22,-9999
2025-11-22,-9999
2025-11-22,-9999
2025-11-22,-9999
2025-11-22,-9999
2025-11-22,-9999
2025-11-22,-9999
2025-11-22,-9999
2025-11-22,-9999
2025-11-22,-9999
2025-11-22,-9999
2025-11-22,-9999
2025-11-22,-9999
2025-11-22,-9999
2025-11-23,-9999
2025-11-23,-9999
2025-11-23,-9999
2025-11-23,2.7845047952746542E-5
2025-11-23,-9999
2025-11-23,-9999
2025-11-23,-9999
2025-11-23,-9999
2025-11-23,-9999
2025-11-23,-9999
2025-11-23,-9999
2025-11-23,-9999
2025-11-23,-9999
2025-11-23,-9999
2025-11-23,-9999
2025-11-24,-9999
2025-11-24,-9999
2025-11-24,-9999
2025-11-24,-9999
2025-11-24,-9999
2025-11-24,-9999
2025-11-24,-9999
2025-11-24,-9999
2025-11-24,-9999
2025-11-24,-9999
2025-11-24,-9999
2025-11-24,-9999
2025-11-24,-9999
2025-11-24,-9999
2025-11-25,-9999
2025-11-25,-9999
2025-11-25,-9999
2025-11-25,-9999
2025-11-25,-9999
2025-11-25,-9999
2025-11-25,-9999
2025-11-25,-9999
2025-11-25,-9999
2025-11-25,-9999
2025-11-25,-9999
2025-11-25,-9999
2025-11-25,-9999
2025-11-25,-9999
2025-11-26,-9999
2025-11-26,-9999
2025-11-26,-9999
2025-11-26,-9999
2025-11-26,-9999
2025-11-26,-9999
2025-11-26,-9999
2025-11-26,-9999
2025-11-26,-9999
2025-11-26,-9999
2025-11-26,-9999
2025-11-26,-9999
2025-11-26,-9999
2025-11-26,-9999
2025-11-27,-9999
2025-11-27,-9999
2025-11-27,-9999
2025-11-27,-9999
2025-11-27,-9999
2025-11-27,-9999
2025-11-27,-9999
2025-11-27,-9999
2025-11-27,-9999
2025-11-27,-9999
2025-11-27,-9999
2025-11-27,-9999
2025-11-27,-9999
2025-11-27,-9999
2025-11-28,-9999
2025-11-28,-9999
2025-11-28,-9999
2025-11-28,-9999
2025-11-28,-9999
2025-11-28,-9999
2025-11-28,-9999
2025-11-28,-9999
2025-11-28,-9999
2025-11-28,-9999
2025-11-28,-9999
2025-11-28,-9999
2025-11-28,-9999
2025-11-28,-9999
2025-11-28,-9999
2025-11-29,-9999
2025-11-29,-9999
2025-11-29,-9999
2025-11-29,-9999
2025-11-29,-9999
2025-11-29,-9999
2025-11-29,-9999
2025-11-29,-9999
2025-11-29,-9999
2025-11-29,-9999
2025-11-29,-9999
2025-11-29,-9999
2025-11-29,-9999
2025-11-30,-9999
2025-11-30,-9999
2025-11-30,-9999
2025-11-30,-9999
2025-11-30,-9999
2025-11-30,-9999
2025-11-30,-9999
2025-11-30,-9999
2025-11-30,-9999
2025-11-30,-9999
2025-11-30,-9999
2025-11-30,-9999
2025-11-30,-9999
2025-11-30,-9999
2025-12-01,-9999
2025-12-01,-9999
2025-12-01,-9999
2025-12-01,-9999
2025-12-01,-9999
2025-12-01,-9999
2025-12-01,-9999
2025-12-01,-9999
2025-12-01,-9999
2025-12-01,-9999
2025-12-01,-9999
2025-12-01,-9999
2025-12-01,-9999
2025-12-01,-9999
2025-12-02,-9999
2025-12-02,-9999
2025-12-02,-9999
2025-12-02,-9999
2025-12-02,-9999
2025-12-02,-9999
2025-12-02,-9999
2025-12-02,-9999
2025-12-02,-9999
2025-12-02,-9999
2025-12-02,-9999
2025-12-02,-9999
2025-12-02,-9999
2025-12-02,-9999
2025-12-03,-9999
2025-12-03,-9999
2025-12-03,-9999
2025-12-03,3.581051735672966E-5
2025-12-03,-9999
2025-12-03,-9999
2025-12-03,-9999
2025-12-03,-9999
2025-12-03,-9999
2025-12-03,-9999
2025-12-03,-9999
2025-12-03,-9999
2025-12-03,-9999
2025-12-03,-9999
2025-12-04,-9999
2025-12-04,-9999
2025-12-04,-9999
2025-12-04,-9999
2025-12-04,-9999
2025-12-04,-9999
2025-12-04,-9999
2025-12-04,-9999
2025-12-04,-9999
2025-12-04,-9999
2025-12-04,-9999
2025-12-04,-9999
2025-12-04,-9999
2025-12-04,-9999
2025-12-04,-9999
2025-12-05,-9999
2025-12-05,-9999
2025-12-05,-4.182711140503166E-5
2025-12-05,-9999
2025-12-05,-9999
2025-12-05,-9999
2025-12-05,-9999
2025-12-05,-9999
2025-12-05,-9999
2025-12-05,-9999
2025-12-05,-9999
2025-12-05,-9999
2025-12-05,-9999
2025-12-05,-9999
2025-12-06,-9999
2025-12-06,-9999
2025-12-06,-9999
2025-12-06,-9999
2025-12-06,-9999
2025-12-06,-9999
2025-12-06,-9999
2025-12-06,-9999
2025-12-06,-9999
2025-12-06,-9999
2025-12-06,-9999
2025-12-06,-9999
2025-12-06,-9999
2025-12-06,-9999
2025-12-07,-9999
2025-12-07,-9999
2025-12-07,-9999
2025-12-07,-9999
2025-12-07,-9999
2025-12-07,-9999
2025-12-07,-9999
2025-12-07,-9999
2025-12-07,-9999
2025-12-07,-9999
2025-12-07,-9999
2025-12-07,-9999
2025-12-07,-9999
2025-12-07,-9999
2025-12-08,-9999
2025-12-08,-9999
2025-12-08,-9999
2025-12-08,-9999
2025-12-08,-9999
2025-12-08,-9999
2025-12-08,-9999
2025-12-08,-9999
2025-12-08,-9999
2025-12-08,-9999
2025-12-08,-9999
2025-12-08,-9999
2025-12-08,-9999
2025-12-09,-9999
2025-12-09,-9999
2025-12-09,-9999
2025-12-09,-9999
2025-12-09,-9999
2025-12-09,-9999
2025-12-09,-9999
2025-12-09,-9999
2025-12-09,-9999
2025-12-09,-9999
2025-12-09,-9999
2025-12-09,-9999
2025-12-09,-9999
2025-12-09,-9999
2025-12-09,-9999
2025-12-10,-9999
2025-12-10,-9999
2025-12-10,-9999
2025-12-10,-9999
2025-12-10,-9999
2025-12-10,-9999
2025-12-10,-9999
2025-12-10,-9999
2025-12-10,-9999
2025-12-10,-9999
2025-12-10,-9999
2025-12-10,-9999
2025-12-10,-9999
2025-12-10,-9999
2025-12-11,-9999
2025-12-11,-9999
2025-12-11,-9999
2025-12-11,-9999
2025-12-11,-9999
2025-12-11,-9999
2025-12-11,-9999
2025-12-11,-9999
2025-12-11,-9999
2025-12-11,-9999
2025-12-11,-9999
2025-12-11,-9999
2025-12-11,-9999
2025-12-11,-9999
2025-12-12,-9999
2025-12-12,-9999
2025-12-12,-9999
2025-12-12,-9.946114668029467E-6
2025-12-12,-9999
2025-12-12,-9999
2025-12-12,-9999
2025-12-12,-9999
2025-12-12,-9999
2025-12-12,-9999
2025-12-12,-9999
2025-12-12,-9999
2025-12-12,-9999
2025-12-12,-9999
2025-12-13,-9999
2025-12-13,-9999
2025-12-13,-9999
2025-12-13,-9999
2025-12-13,-9999
2025-12-13,-9999
2025-12-13,-9999
2025-12-13,-9999
2025-12-13,-9999
2025-12-13,-9999
2025-12-13,-9999
2025-12-13,-9999
2025-12-13,-9999
2025-12-13,-9999
2025-12-14,-9999
2025-12-14,-9999
2025-12-14,-9999
2025-12-14,-9999
2025-12-14,-9999
2025-12-14,-9999
2025-12-14,-9999
2025-12-14,-9999
2025-12-14,-9999
2025-12-14,-9999
2025-12-14,-9999
2025-12-14,-9999
2025-12-14,-9999
2025-12-14,-9999
2025-12-14,-9999
2025-12-15,-9999
2025-12-15,-9999
2025-12-15,3.219745121898909E-4
2025-12-15,-9999
2025-12-15,-9999
2025-12-15,-9999
2025-12-15,-9999
2025-12-15,-9999
2025-12-15,-9999
2025-12-15,-9999
2025-12-15,-9999
2025-12-15,-9999
2025-12-15,-9999
2025-12-15,-9999
2025-12-16,-9999
2025-12-16,-9999
2025-12-16,-9999
2025-12-16,-9999
2025-12-16,-9999
2025-12-16,-9999
2025-12-16,-9999
2025-12-16,-9999
2025-12-16,-9999
2025-12-16,-9999
2025-12-16,-9999
2025-12-16,-9999
2025-12-16,-9999
2025-12-16,-9999
2025-12-17,-9999
2025-12-17,-9999
2025-12-17,-9999
2025-12-17,8.753515430720855E-5
2025-12-17,-9999
2025-12-17,-9999
2025-12-17,-9999
2025-12-17,-9999
2025-12-17,-9999
2025-12-17,-9999
2025-12-17,-9999
2025-12-17,-9999
2025-12-17,-9999
2025-12-17,-9999
2025-12-18,-9999
2025-12-18,-9999
2025-12-18,-9999
2025-12-18,-9999
2025-12-18,-9999
2025-12-18,-9999
2025-12-18,-9999
2025-12-18,-9999
2025-12-18,-9999
2025-12-18,-9999
2025-12-18,-9999
2025-12-18,-9999
2025-12-18,-9999
2025-12-18,-9999
2025-12-19,-9999
2025-12-19,-9999
2025-12-19,-9999
2025-12-19,-9999
2025-12-19,-9999
2025-12-19,-9999
2025-12-19,-9999
2025-12-19,-9999
2025-12-19,-9999
2025-12-19,-9999
2025-12-19,-9999
2025-12-19,-9999
2025-12-19,-9999
2025-12-19,-9999
2025-12-20,-9999
2025-12-20,-9999
2025-12-20,-9999
2025-12-20,-9999
2025-12-20,-9999
2025-12-20,-9999
2025-12-20,-9999
2025-12-20,-9999
2025-12-20,-9999
2025-12-20,-9999
2025-12-20,-9999
2025-12-20,-9999
2025-12-20,-9999
2025-12-20,-9999
2025-12-20,-9999
2025-12-21,-9999
2025-12-21,-9999
2025-12-21,-9999
2025-12-21,-9999
2025-12-21,-9999
2025-12-21,-9999
2025-12-21,-9999
2025-12-21,-9999
2025-12-21,-9999
2025-12-21,-9999
2025-12-21,-9999
2025-12-21,-9999
2025-12-21,-9999
2025-12-21,-9999
2025-12-22,-9999
2025-12-22,-9999
2025-12-22,-9999
2025-12-22,-9999
2025-12-22,-9999
2025-12-22,-9999
2025-12-22,-9999
2025-12-22,-9999
2025-12-22,-9999
2025-12-22,-9999
2025-12-22,-9999
2025-12-22,-9999
2025-12-22,-9999
2025-12-22,-9999
2025-12-23,-9999
2025-12-23,-9999
2025-12-23,-9999
2025-12-23,-9999
2025-12-23,-9999
2025-12-23,-9999
2025-12-23,-9999
2025-12-23,-9999
2025-12-23,-9999
2025-12-23,-9999
2025-12-23,-9999
2025-12-23,-9999
2025-12-23,-9999
2025-12-23,-9999
2025-12-24,-9999
2025-12-24,-9999
2025-12-24,-9999
2025-12-24,-9999
2025-12-24,-9999
2025-12-24,-9999
2025-12-24,-9999
2025-12-24,-9999
2025-12-24,-9999
2025-12-24,-9999
2025-12-24,-9999
2025-12-24,-9999
2025-12-24,-9999
2025-12-24,-9999
2025-12-25,-9999
2025-12-25,-9999
2025-12-25,-9999
2025-12-25,-1.2345079449015557E-4
2025-12-25,-9999
2025-12-25,-9999
2025-12-25,-9999
2025-12-25,-9999
2025-12-25,-9999
2025-12-25,-9999
2025-12-25,-9999
2025-12-25,-9999
2025-12-25,-9999
2025-12-25,-9999
2025-12-25,-9999
2025-12-26,-9999
2025-12-26,-9999
2025-12-26,-9999
2025-12-26,-9999
2025-12-26,-9999
2025-12-26,-9999
2025-12-26,-9999
2025-12-26,-9999
2025-12-26,-9999
2025-12-26,-9999
2025-12-26,-9999
2025-12-26,-9999
2025-12-26,-9999
2025-12-26,-9999
2025-12-27,-9999
2025-12-27,-9999
2025-12-27,-9999
2025-12-27,-9999
2025-12-27,-9999
2025-12-27,-9999
2025-12-27,-9999
2025-12-27,-9999
2025-12-27,-9999
2025-12-27,-9999
2025-12-27,-9999
2025-12-27,-9999
2025-12-27,-9999
2025-12-27,-9999
2025-12-28,-9999
2025-12-28,-9999
2025-12-28,-9999
2025-12-28,-9999
2025-12-28,-9999
2025-12-28,-9999
2025-12-28,-9999
2025-12-28,-9999
2025-12-28,-9999
2025-12-28,-9999
2025-12-28,-9999
2025-12-28,-9999
2025-12-28,-9999
2025-12-28,-9999
2025-12-29,-9999
2025-12-29,-9999
2025-12-29,-9999
2025-12-29,3.493096366246391E-4
2025-12-29,-9999
2025-12-29,-9999
2025-12-29,-9999
2025-12-29,-9999
2025-12-29,-9999
2025-12-29,-9999
2025-12-29,-9999
2025-12-29,-9999
2025-12-29,-9999
2025-12-29,-9999
2025-12-30,-9999
2025-12-30,-9999
2025-12-30,-9999
2025-12-30,-9999
2025-12-30,-9999
2025-12-30,-9999
2025-12-30,-9999
2025-12-30,-9999
2025-12-30,-9999
2025-12-30,-9999
2025-12-30,-9999
2025-12-30,-9999
2025-12-30,-9999
2025-12-30,-9999
2025-12-30,-9999
2025-12-31,-9999
2025-12-31,-9999
2025-12-31,-9999
2025-12-31,-9999
2025-12-31,-9999
2025-12-31,-9999
2025-12-31,-9999
2025-12-31,-9999
2025-12-31,-9999
2025-12-31,-9999
2025-12-31,-9999
2025-12-31,-9999
2025-12-31,-9999
2025-12-31,-9999
2026-01-01,-9999
2026-01-01,-9999
2026-01-01,-9999
2026-01-01,-9999
2026-01-01,-9999
2026-01-01,-9999
2026-01-01,-9999
2026-01-01,-9999
2026-01-01,-9999
2026-01-01,-9999
2026-01-01,-9999
2026-01-01,-9999
2026-01-01,-9999
2026-01-01,-9999
2026-01-02,-9999
2026-01-02,-9999
2026-01-02,-9999
2026-01-02,-9999
2026-01-02,-9999
2026-01-02,-9999
2026-01-02,-9999
2026-01-02,-9999
2026-01-02,-9999
2026-01-02,-9999
2026-01-02,-9999
2026-01-02,-9999
2026-01-02,-9999
2026-01-02,-9999
2026-01-03,-9999
2026-01-03,-9999
2026-01-03,-9999
2026-01-03,-9999
2026-01-03,-9999
2026-01-03,-9999
2026-01-03,-9999
2026-01-03,-9999
2026-01-03,-9999
2026-01-03,-9999
2026-01-03,-9999
2026-01-03,-9999
2026-01-03,-9999
2026-01-03,-9999
2026-01-04,-9999
2026-01-04,-9999
2026-01-04,-9999
2026-01-04,-9999
2026-01-04,-9999
2026-01-04,-9999
2026-01-04,-9999
2026-01-04,-9999
2026-01-04,-9999
2026-01-04,-9999
2026-01-04,-9999
2026-01-04,-9999
2026-01-04,-9999
2026-01-04,-9999
2026-01-05,-9999
2026-01-05,-9999
2026-01-05,-9999
2026-01-05,-9999
2026-01-05,-9999
2026-01-05,-9999
2026-01-05,-9999
2026-01-05,-9999
2026-01-05,-9999
2026-01-05,-9999
2026-01-05,-9999
2026-01-05,-9999
2026-01-05,-9999
2026-01-05,-9999
2026-01-05,-9999
2026-01-06,-9999
2026-01-06,-9999
2026-01-06,-9999
2026-01-06,-9999
2026-01-06,-9999
2026-01-06,-9999
2026-01-06,-9999
2026-01-06,-9999
2026-01-06,-9999
2026-01-06,-9999
2026-01-06,-9999
2026-01-06,-9999
2026-01-06,-9999
2026-01-06,-9999
2026-01-07,-9999
2026-01-07,-9999
2026-01-07,-9999
2026-01-07,-9999
2026-01-07,-9999
2026-01-07,-9999
2026-01-07,-9999
2026-01-07,-9999
2026-01-07,-9999
2026-01-07,-9999
2026-01-07,-9999
2026-01-07,-9999
2026-01-07,-9999
2026-01-07,-9999
2026-01-08,-9999
2026-01-08,-9999
2026-01-08,-9999
2026-01-08,-9999
2026-01-08,-9999
2026-01-08,-9999
2026-01-08,-9999
2026-01-08,-9999
2026-01-08,-9999
2026-01-08,-9999
2026-01-08,-9999
2026-01-08,-9999
2026-01-08,-9999
2026-01-08,-9999
2026-01-09,-9999
2026-01-09,-9999
2026-01-09,-9999
2026-01-09,-9999
2026-01-09,-9999
2026-01-09,-9999
2026-01-09,-9999
2026-01-09,-9999
2026-01-09,-9999
2026-01-09,-9999
2026-01-09,-9999
2026-01-09,-9999
2026-01-09,-9999
2026-01-09,-9999
2026-01-10,-9999
2026-01-10,-9999
2026-01-10,-9999
2026-01-10,-9999
2026-01-10,-9999
2026-01-10,-9999
2026-01-10,-9999
2026-01-10,-9999
2026-01-10,-9999
2026-01-10,-9999
2026-01-10,-9999
2026-01-10,-9999
2026-01-10,-9999
2026-01-10,-9999
2026-01-10,-9999
2026-01-11,-9999
2026-01-11,-9999
2026-01-11,-9999
2026-01-11,-9999
2026-01-11,-9999
2026-01-11,-9999
2026-01-11,-9999
2026-01-11,-9999
2026-01-11,-9999
2026-01-11,-9999
2026-01-11,-9999
2026-01-11,-9999
2026-01-11,-9999
2026-01-11,-9999
2026-01-12,-9999
2026-01-12,-9999
2026-01-12,-9999
2026-01-12,-9999
2026-01-12,-9999
2026-01-12,-9999
2026-01-12,-9999
2026-01-12,-9999
2026-01-12,-9999
2026-01-12,-9999
2026-01-12,-9999
2026-01-12,-9999
2026-01-12,-9999
2026-01-12,-9999
2026-01-13,-9999
2026-01-13,-9999
2026-01-13,-9999
2026-01-13,-9999
2026-01-13,-9999
2026-01-13,-9999
2026-01-13,-9999
2026-01-13,-9999
2026-01-13,-9999
2026-01-13,-9999
2026-01-13,-9999
2026-01-13,-9999
2026-01-13,-9999
2026-01-13,-9999
2026-01-14,-9999
2026-01-14,-9999
2026-01-14,-9999
2026-01-14,-9999
2026-01-14,-9999
2026-01-14,-9999
2026-01-14,-9999
2026-01-14,-9999
2026-01-14,-9999
2026-01-14,-9999
2026-01-14,-9999
2026-01-14,-9999
2026-01-14,-9999
2026-01-14,-9999
2026-01-15,-9999
2026-01-15,-9999
2026-01-15,-9999
2026-01-15,-9999
2026-01-15,-9999
2026-01-15,-9999
2026-01-15,-9999
2026-01-15,-9999
2026-01-15,-9999
2026-01-15,-9999
2026-01-15,-9999
2026-01-15,-9999
2026-01-15,-9999
2026-01-15,-9999
2026-01-15,-9999
2026-01-16,-9999
2026-01-16,-9999
2026-01-16,-9999
2026-01-16,-9999
2026-01-16,-9999
2026-01-16,-9999
2026-01-16,-9999
2026-01-16,-9999
2026-01-16,-9999
2026-01-16,-9999
2026-01-16,-9999
2026-01-16,-9999
2026-01-16,-9999
2026-01-16,-9999
2026-01-17,-9999
2026-01-17,-9999
2026-01-17,-9999
2026-01-17,-9999
2026-01-17,-9999
2026-01-17,-9999
2026-01-17,-9999
2026-01-17,-9999
2026-01-17,-9999
2026-01-17,-9999
2026-01-17,-9999
2026-01-17,-9999
2026-01-17,-9999
2026-01-17,-9999
2026-01-18,-9999
2026-01-18,-9999
2026-01-18,-9999
2026-01-18,-9999
2026-01-18,-9999
2026-01-18,-9999
2026-01-18,-9999
2026-01-18,-9999
2026-01-18,-9999
2026-01-18,-9999
2026-01-18,-9999
2026-01-18,-9999
2026-01-18,-9999
2026-01-18,-9999
2026-01-19,-9999
2026-01-19,-9999
2026-01-19,-9999
2026-01-19,-5.684418835836471E-6
2026-01-19,-9999
2026-01-19,-9999
2026-01-19,-9999
2026-01-19,-9999
2026-01-19,-9999
2026-01-19,-9999
2026-01-19,-9999
2026-01-19,-9999
2026-01-19,-9999
2026-01-19,-9999
2026-01-20,-9999
2026-01-20,-9999
2026-01-20,-9999
2026-01-20,-9999
2026-01-20,-9999
2026-01-20,-9999
2026-01-20,-9999
2026-01-20,-9999
2026-01-20,-9999
2026-01-20,-9999
2026-01-20,-9999
2026-01-20,-9999
2026-01-20,-9999
2026-01-20,-9999
2026-01-21,-9999
2026-01-21,-9999
2026-01-21,-9999
2026-01-21,-9999
2026-01-21,-9999
2026-01-21,-9999
2026-01-21,-9999
2026-01-21,-9999
2026-01-21,-9999
2026-01-21,-9999
2026-01-21,-9999
2026-01-21,-9999
2026-01-21,-9999
2026-01-21,-9999
2026-01-21,-9999
2026-01-22,-9999
2026-01-22,-9999
2026-01-22,-9999
2026-01-22,-9999
2026-01-22,-9999
2026-01-22,-9999
2026-01-22,-9999
2026-01-22,-9999
2026-01-22,-9999
2026-01-22,-9999
2026-01-22,-9999
2026-01-22,-9999
2026-01-22,-9999
2026-01-22,-9999
2026-01-23,-9999
2026-01-23,-9999
2026-01-23,-9999
2026-01-23,-9999
2026-01-23,-9999
2026-01-23,-9999
2026-01-23,-9999
2026-01-23,-9999
2026-01-23,-9999
2026-01-23,-9999
2026-01-23,-9999
2026-01-23,-9999
2026-01-23,-9999
2026-01-23,-9999
2026-01-24,-9999
2026-01-24,-9999
2026-01-24,-9999
2026-01-24,-9999
2026-01-24,-9999
2026-01-24,-9999
2026-01-24,-9999
2026-01-24,-9999
2026-01-24,-9999
2026-01-24,-9999
2026-01-24,-9999
2026-01-24,-9999
2026-01-24,-9999
2026-01-24,-9999
2026-01-25,-9999
2026-01-25,-9999
2026-01-25,-9999
2026-01-25,-9999
2026-01-25,-9999
2026-01-25,-9999
2026-01-25,-9999
2026-01-25,-9999
2026-01-25,-9999
2026-01-25,-9999
2026-01-25,-9999
2026-01-25,-9999
2026-01-25,-9999
2026-01-25,-9999
2026-01-26,-9999
2026-01-26,-9999
2026-01-26,-9999
2026-01-26,-9999
2026-01-26,-9999
2026-01-26,-9999
2026-01-26,-9999
2026-01-26,-9999
2026-01-26,-9999
2026-01-26,-9999
2026-01-26,-9999
2026-01-26,-9999
2026-01-26,-9999
2026-01-26,-9999
2026-01-26,-9999
2026-01-27,-9999
2026-01-27,-9999
2026-01-27,-9999
2026-01-27,-9999
2026-01-27,-9999
2026-01-27,-9999
2026-01-27,-9999
2026-01-27,-9999
2026-01-27,-9999
2026-01-27,-9999
2026-01-27,-9999
2026-01-27,-9999
2026-01-27,-9999
2026-01-27,-9999
2026-01-28,-9999
2026-01-28,-9999
2026-01-28,-9999
2026-01-28,-9999
2026-01-28,-9999
2026-01-28,-9999
2026-01-28,-9999
2026-01-28,-9999
2026-01-28,-9999
2026-01-28,-9999
2026-01-28,-9999
2026-01-28,-9999
2026-01-28,-9999
2026-01-28,-9999
2026-01-29,-9999
2026-01-29,-9999
2026-01-29,-9999
2026-01-29,-5.775854788222375E-6
2026-01-29,-9999
2026-01-29,-9999
2026-01-29,-9999
2026-01-29,-9999
2026-01-29,-9999
2026-01-29,-9999
2026-01-29,-9999
2026-01-29,-9999
2026-01-29,-9999
2026-01-29,-9999
2026-01-30,-9999
2026-01-30,-9999
2026-01-30,-9999
2026-01-30,-9999
2026-01-30,-9999
2026-01-30,-9999
2026-01-30,-9999
2026-01-30,-9999
2026-01-30,-9999
2026-01-30,-9999
2026-01-30,-9999
2026-01-30,-9999
2026-01-30,-9999
2026-01-30,-9999
2026-01-31,-9999
2026-01-31,-9999
2026-01-31,-9999
2026-01-31,3.42207058565972E-4
2026-01-31,-9999
2026-01-31,-9999
2026-01-31,-9999
2026-01-31,-9999
2026-01-31,-9999
2026-01-31,-9999
2026-01-31,-9999
2026-01-31,-9999
2026-01-31,-9999
2026-01-31,-9999
2026-01-31,-9999
2026-02-01,-9999
2026-02-01,-9999
2026-02-01,-9999
2026-02-01,-9999
2026-02-01,-9999
2026-02-01,-9999
2026-02-01,-9999
2026-02-01,-9999
2026-02-01,-9999
2026-02-01,-9999
2026-02-01,-9999
2026-02-01,-9999
2026-02-01,-9999
2026-02-01,-9999
2026-02-02,-9999
2026-02-02,-9999
2026-02-02,-9999
2026-02-02,8.053500641831018E-5
2026-02-02,-9999
2026-02-02,-9999
2026-02-02,-9999
2026-02-02,-9999
2026-02-02,-9999
2026-02-02,-9999
2026-02-02,-9999
2026-02-02,-9999
2026-02-02,-9999
2026-02-02,-9999
2026-02-03,-9999
2026-02-03,-9999
2026-02-03,-9999
2026-02-03,-2.1205083744287503E-5
2026-02-03,-9999
2026-02-03,-9999
2026-02-03,-9999
2026-02-03,-9999
2026-02-03,-9999
2026-02-03,-9999
2026-02-03,-9999
2026-02-03,-9999
2026-02-03,-9999
2026-02-03,-9999
2026-02-04,-9999
2026-02-04,-9999
2026-02-04,-9999
2026-02-04,1.1928803724013746E-4
2026-02-04,-9999
2026-02-04,-9999
2026-02-04,-9999
2026-02-04,-9999
2026-02-04,-9999
2026-02-04,-9999
2026-02-04,-9999
2026-02-04,-9999
2026-02-04,-9999
2026-02-04,-9999
2026-02-05,-9999
2026-02-05,-9999
2026-02-05,-9999
2026-02-05,-9999
2026-02-05,-9999
2026-02-05,-9999
2026-02-05,-9999
2026-02-05,-9999
2026-02-05,-9999
2026-02-05,-9999
2026-02-05,-9999
2026-02-05,-9999
2026-02-05,-9999
2026-02-05,-9999
2026-02-06,-9999
2026-02-06,-9999
2026-02-06,-9999
2026-02-06,2.699128398991454E-4
2026-02-06,-9999
2026-02-06,-9999
2026-02-06,-9999
2026-02-06,-9999
2026-02-06,-9999
2026-02-06,-9999
2026-02-06,-9999
2026-02-06,-9999
2026-02-06,-9999
2026-02-06,-9999
2026-02-06,-9999
2026-02-07,-9999
2026-02-07,-9999
2026-02-07,-9999
2026-02-07,-9999
2026-02-07,-9999
2026-02-07,-9999
2026-02-07,-9999
2026-02-07,-9999
2026-02-07,-9999
2026-02-07,-9999
2026-02-07,-9999
2026-02-07,-9999
2026-02-07,-9999
2026-02-08,-9999
2026-02-08,-9999
2026-02-08,-9999
2026-02-08,-9999
2026-02-08,-9999
2026-02-08,-9999
2026-02-08,-9999
2026-02-08,-9999
2026-02-08,-9999
2026-02-08,-9999
2026-02-08,-9999
2026-02-08,-9999
2026-02-08,-9999
2026-02-08,-9999
2026-02-09,-9999
2026-02-09,-9999
2026-02-09,-9999
2026-02-09,-9999
2026-02-09,-9999
2026-02-09,-9999
2026-02-09,-9999
2026-02-09,-9999
2026-02-09,-9999
2026-02-09,-9999
2026-02-09,-9999
2026-02-09,-9999
2026-02-09,-9999
2026-02-09,-9999
2026-02-10,-9999
2026-02-10,-9999
2026-02-10,-9999
2026-02-10,-9999
2026-02-10,-9999
2026-02-10,-9999
2026-02-10,-9999
2026-02-10,-9999
2026-02-10,-9999
2026-02-10,-9999
2026-02-10,-9999
2026-02-10,-9999
2026-02-10,-9999
2026-02-10,-9999
2026-02-11,-9999
2026-02-11,-9999
2026-02-11,-9999
2026-02-11,-9999
2026-02-11,-9999
2026-02-11,-9999
2026-02-11,-9999
2026-02-11,-9999
2026-02-11,-9999
2026-02-11,-9999
2026-02-11,-9999
2026-02-11,-9999
2026-02-11,-9999
2026-02-11,-9999
2026-02-11,-9999
2026-02-12,-9999
2026-02-12,-9999
2026-02-12,-9999
2026-02-12,-9999
2026-02-12,-9999
2026-02-12,-9999
2026-02-12,-9999
2026-02-12,-9999
2026-02-12,-9999
2026-02-12,-9999
2026-02-12,-9999
2026-02-12,-9999
2026-02-12,-9999
2026-02-12,-9999
2026-02-13,-9999
2026-02-13,-9999
2026-02-13,-9999
2026-02-13,-9999
2026-02-13,-9999
2026-02-13,-9999
2026-02-13,-9999
2026-02-13,-9999
2026-02-13,-9999
2026-02-13,-9999
2026-02-13,-9999
2026-02-13,-9999
2026-02-13,-9999
2026-02-13,-9999
2026-02-14,-9999
2026-02-14,-9999
2026-02-14,-9999
2026-02-14,-9999
2026-02-14,-9999
2026-02-14,-9999
2026-02-14,-9999
2026-02-14,-9999
2026-02-14,-9999
2026-02-14,-9999
2026-02-14,-9999
2026-02-14,-9999
2026-02-14,-9999
2026-02-14,-9999
2026-02-15,-9999
2026-02-15,-9999
2026-02-15,-9999
2026-02-15,2.927530440500111E-4
2026-02-15,-9999
2026-02-15,-9999
2026-02-15,-9999
2026-02-15,-9999
2026-02-15,-9999
2026-02-15,-9999
2026-02-15,-9999
2026-02-16,-9999
2026-02-16,-9999
2026-02-16,-9999
2026-02-16,2.475451069817724E-4
2026-02-16,-9999
2026-02-16,-9999
2026-02-16,-9999
2026-02-16,-9999
2026-02-16,-9999
2026-02-16,-9999
2026-02-16,-9999
2026-02-16,-9999
2026-02-16,-9999
2026-02-16,-9999
2026-02-17,-9999
2026-02-17,-9999
2026-02-17,-9999
2026-02-17,-9999
2026-02-17,-9999
2026-02-17,-9999
2026-02-17,-9999
2026-02-17,-9999
2026-02-17,-9999
2026-02-17,-9999
2026-02-17,-9999
2026-02-17,-9999
2026-02-17,-9999
2026-02-17,-9999
2026-02-18,-9999
2026-02-18,-9999
2026-02-18,-9999
2026-02-18,-9999
2026-02-18,-9999
2026-02-18,-9999
2026-02-18,-9999
2026-02-18,-9999
2026-02-18,-9999
2026-02-18,-9999
2026-02-18,-9999
2026-02-18,-9999
2026-02-18,-9999
2026-02-18,-9999
2026-02-19,-9999
2026-02-19,-9999
2026-02-19,-9999
2026-02-19,-9999
2026-02-19,-9999
2026-02-19,-9999
2026-02-19,-9999
2026-02-19,-9999
2026-02-19,-9999
2026-02-19,-9999
2026-02-19,-9999
2026-02-19,-9999
2026-02-19,-9999
2026-02-19,-9999
2026-02-20,-9999
2026-02-20,-9999
2026-02-20,-9999
2026-02-20,-9999
2026-02-20,-9999
2026-02-20,-9999
2026-02-20,-9999
2026-02-20,-9999
2026-02-20,-9999
2026-02-20,-9999
2026-02-20,-9999
2026-02-20,-9999
2026-02-20,-9999
2026-02-20,-9999
2026-02-21,-9999
2026-02-21,-9999
2026-02-21,-9999
2026-02-21,-9999
2026-02-21,-9999
2026-02-21,-9999
2026-02-21,-9999
2026-02-21,-9999
2026-02-21,-9999
2026-02-21,-9999
2026-02-21,-9999
2026-02-21,-9999
2026-02-21,-9999
2026-02-21,-9999
2026-02-22,-9999
2026-02-22,-9999
2026-02-22,-9999
2026-02-22,-9999
2026-02-22,-9999
2026-02-22,-9999
2026-02-22,-9999
2026-02-22,-9999
2026-02-22,-9999
2026-02-22,-9999
2026-02-22,-9999
2026-02-22,-9999
2026-02-22,-9999
2026-02-22,-9999
2026-02-22,-9999
2026-02-23,-9999
2026-02-23,-9999
2026-02-23,-9999
2026-02-23,-9999
2026-02-23,-9999
2026-02-23,-9999
2026-02-23,-9999
2026-02-23,-9999
2026-02-23,-9999
2026-02-23,-9999
2026-02-23,-9999
2026-02-23,-9999
2026-02-23,-9999
2026-02-23,-9999
2026-02-24,-9999
2026-02-24,-9999
2026-02-24,-9999
2026-02-24,-9999
2026-02-24,-9999
2026-02-24,-9999
2026-02-24,-9999
2026-02-24,-9999
2026-02-24,-9999
2026-02-24,-9999
2026-02-24,-9999
2026-02-24,-9999
2026-02-24,-9999
2026-02-24,-9999
2026-02-25,-9999
2026-02-25,-9999
2026-02-25,-9999
2026-02-25,-9999
2026-02-25,-9999
2026-02-25,-9999
2026-02-25,-9999
2026-02-25,-9999
2026-02-25,-9999
2026-02-25,-9999
2026-02-25,-9999
2026-02-25,-9999
2026-02-25,-9999
2026-02-25,-9999
2026-02-26,-9999
2026-02-26,-9999
2026-02-26,-9999
2026-02-26,-9999
2026-02-26,-9999
2026-02-26,-9999
2026-02-26,-9999
2026-02-26,-9999
2026-02-26,-9999
2026-02-26,-9999
2026-02-26,-9999
2026-02-26,-9999
2026-02-26,-9999
2026-02-26,-9999
2026-02-27,-9999
2026-02-27,-9999
2026-02-27,-9999
2026-02-27,-1.0802797272342431E-4
2026-02-27,-9999
2026-02-27,-9999
2026-02-27,-9999
2026-02-27,-9999
2026-02-27,-9999
2026-02-27,-9999
2026-02-27,-9999
2026-02-27,-9999
2026-02-27,-9999
2026-02-27,-9999
2026-02-27,-9999
2026-02-28,-9999
2026-02-28,-9999
2026-02-28,5.731866703320726E-5
2026-02-28,-9999
2026-02-28,-9999
2026-02-28,-9999
2026-02-28,-9999
2026-02-28,-9999
2026-02-28,-9999
2026-02-28,-9999
2026-02-28,-9999
2026-02-28,-9999
2026-02-28,-9999
2026-02-28,-9999
2026-03-01,-9999
2026-03-01,-9999
2026-03-01,-9999
2026-03-01,-9999
2026-03-01,-9999
2026-03-01,-9999
2026-03-01,-9999
2026-03-01,-9999
2026-03-01,-9999
2026-03-01,-9999
2026-03-01,-9999
2026-03-01,-9999
2026-03-01,-9999
2026-03-01,-9999
2026-03-02,-9999
2026-03-02,-9999
2026-03-02,-9999
2026-03-02,-9999
2026-03-02,-9999
2026-03-02,-9999
2026-03-02,-9999
2026-03-02,-9999
2026-03-02,-9999
2026-03-02,-9999
2026-03-02,-9999
2026-03-02,-9999
2026-03-02,-9999
2026-03-02,-9999
2026-03-03,-9999
2026-03-03,-9999
2026-03-03,-9999
2026-03-03,-9999
2026-03-03,-9999
2026-03-03,-9999
2026-03-03,-9999
2026-03-03,-9999
2026-03-03,-9999
2026-03-03,-9999
2026-03-03,-9999
2026-03-03,-9999
2026-03-03,-9999
2026-03-03,-9999
2026-03-04,-9999
2026-03-04,-9999
2026-03-04,-9999
2026-03-04,5.238359517538562E-5
2026-03-04,-9999
2026-03-04,-9999
2026-03-04,-9999
2026-03-04,-9999
2026-03-04,-9999
2026-03-04,-9999
2026-03-04,-9999
2026-03-04,-9999
2026-03-04,-9999
2026-03-04,-9999
2026-03-05,-9999
2026-03-05,-9999
2026-03-05,-9999
2026-03-05,-9999
2026-03-05,-9999
2026-03-05,-9999
2026-03-05,-9999
2026-03-05,-9999
2026-03-05,-9999
2026-03-05,-9999
2026-03-05,-9999
2026-03-05,-9999
2026-03-05,-9999
2026-03-05,-9999
2026-03-05,-9999
2026-03-06,-9999
2026-03-06,-9999
2026-03-06,-9999
2026-03-06,-9999
2026-03-06,-9999
2026-03-06,-9999
2026-03-06,-9999
2026-03-06,-9999
2026-03-06,-9999
2026-03-06,-9999
2026-03-06,-9999
2026-03-06,-9999
2026-03-06,-9999
2026-03-06,-9999
2026-03-07,-9999
2026-03-07,-9999
2026-03-07,-9999
2026-03-07,-9999
2026-03-07,-9999
2026-03-07,-9999
2026-03-07,-9999
2026-03-07,-9999
2026-03-07,-9999
2026-03-07,-9999
2026-03-07,-9999
2026-03-07,-9999
2026-03-07,-9999
2026-03-07,-9999
2026-03-08,-9999
2026-03-08,-9999
2026-03-08,-9999
2026-03-08,2.3443593607002737E-5
2026-03-08,-9999
2026-03-08,-9999
2026-03-08,-9999
2026-03-08,-9999
2026-03-08,-9999
2026-03-08,-9999
2026-03-08,-9999
2026-03-08,-9999
2026-03-08,-9999
2026-03-08,-9999
2026-03-09,-9999
2026-03-09,-9999
2026-03-09,-9999
2026-03-09,-9999
2026-03-09,-9999
2026-03-09,-9999
2026-03-09,-9999
2026-03-09,-9999
2026-03-09,-9999
2026-03-09,-9999
2026-03-09,-9999
2026-03-09,-9999
2026-03-09,-9999
2026-03-09,-9999
2026-03-10,-9999
2026-03-10,-9999
2026-03-10,-9999
2026-03-10,-9999
2026-03-10,-9999
2026-03-10,-9999
2026-03-10,-9999
2026-03-10,-9999
2026-03-10,-9999
2026-03-10,-9999
2026-03-10,-9999
2026-03-10,-9999
2026-03-10,-9999
2026-03-10,-9999
2026-03-10,-9999
2026-03-11,-9999
2026-03-11,-9999
2026-03-11,-9999
2026-03-11,-9999
2026-03-11,-9999
2026-03-11,-9999
2026-03-11,-9999
2026-03-11,-9999
2026-03-11,-9999
2026-03-11,-9999
2026-03-11,-9999
2026-03-11,-9999
2026-03-11,-9999
2026-03-11,-9999
2026-03-12,-9999
2026-03-12,-9999
2026-03-12,-9999
2026-03-12,-8.761396748008533E-5
2026-03-12,-9999
2026-03-12,-9999
2026-03-12,-9999
2026-03-12,-9999
2026-03-12,-9999
2026-03-12,-9999
2026-03-12,-9999
2026-03-12,-9999
2026-03-12,-9999
2026-03-12,-9999
2026-03-13,-9999
2026-03-13,-9999
2026-03-13,-9999
2026-03-13,1.3882620110606435E-4
2026-03-13,-9999
2026-03-13,-9999
2026-03-13,-9999
2026-03-13,-9999
2026-03-13,-9999
2026-03-13,-9999
2026-03-13,-9999
2026-03-13,-9999
2026-03-13,-9999
2026-03-13,-9999
2026-03-14,-9999
2026-03-14,-9999
2026-03-14,-9999
2026-03-14,1.6151277143709177E-4
2026-03-14,-9999
2026-03-14,-9999
2026-03-14,-9999
2026-03-14,-9999
2026-03-14,-9999
2026-03-14,-9999
2026-03-14,-9999
2026-03-14,-9999
2026-03-14,-9999
2026-03-14,-9999
2026-03-15,-9999
2026-03-15,-9999
2026-03-15,-9999
2026-03-15,2.9259847360645546E-4
2026-03-15,-9999
2026-03-15,-9999
2026-03-15,-9999
2026-03-15,-9999
2026-03-15,-9999
2026-03-15,-9999
2026-03-15,-9999
2026-03-15,-9999
2026-03-15,-9999
2026-03-15,-9999
2026-03-15,-9999
2026-03-16,-9999
2026-03-16,-9999
2026-03-16,3.944591467393524E-4
2026-03-16,-9999
2026-03-16,-9999
2026-03-16,-9999
2026-03-16,-9999
2026-03-16,-9999
2026-03-16,-9999
2026-03-16,-9999
2026-03-16,-9999
2026-03-16,-9999
2026-03-16,-9999
2026-03-16,-9999
2026-03-17,-9999
2026-03-17,-9999
2026-03-17,-9999
2026-03-17,-9999
2026-03-17,-9999
2026-03-17,-9999
2026-03-17,-9999
2026-03-17,-9999
2026-03-17,-9999
2026-03-17,-9999
2026-03-17,-9999
2026-03-17,-9999
2026-03-17,-9999
2026-03-17,-9999
2026-03-18,-9999
2026-03-18,-9999
2026-03-18,-9999
2026-03-18,-9999
2026-03-18,-9999
2026-03-18,-9999
2026-03-18,-9999
2026-03-18,-9999
2026-03-18,-9999
2026-03-18,-9999
2026-03-18,-9999
2026-03-18,-9999
2026-03-18,-9999
2026-03-18,-9999
2026-03-19,-9999
2026-03-19,-9999
2026-03-19,-9999
2026-03-19,-9999
2026-03-19,-9999
2026-03-19,-9999
2026-03-19,-9999
2026-03-19,-9999
2026-03-19,-9999
2026-03-19,-9999
2026-03-19,-9999
2026-03-19,-9999
2026-03-19,-9999
2026-03-19,-9999
2026-03-20,-9999
2026-03-20,-9999
2026-03-20,-9999
2026-03-20,-9999
2026-03-20,-9999
2026-03-20,-9999
2026-03-20,-9999
2026-03-20,-9999
2026-03-20,-9999
2026-03-20,-9999
2026-03-20,-9999
2026-03-20,-9999
2026-03-20,-9999
2026-03-20,-9999
2026-03-21,-9999
2026-03-21,-9999
2026-03-21,-9999
2026-03-21,-9999
2026-03-21,-9999
2026-03-21,-9999
2026-03-21,-9999
2026-03-21,-9999
2026-03-21,-9999
2026-03-21,-9999
2026-03-21,-9999
2026-03-21,-9999
2026-03-21,-9999
2026-03-21,-9999
2026-03-21,-9999
2026-03-22,-9999
2026-03-22,-9999
2026-03-22,-9999
2026-03-22,-9999
2026-03-22,-9999
2026-03-22,-9999
2026-03-22,-9999
2026-03-22,-9999
2026-03-22,-9999
2026-03-22,-9999
2026-03-22,-9999
2026-03-22,-9999
2026-03-22,-9999
2026-03-22,-9999
2026-03-23,-9999
2026-03-23,-9999
2026-03-23,-9999
2026-03-23,1.920592659916802E-4
2026-03-23,-9999
2026-03-23,-9999
2026-03-23,-9999
2026-03-23,-9999
2026-03-23,-9999
2026-03-23,-9999
2026-03-23,-9999
2026-03-23,-9999
2026-03-23,-9999
2026-03-23,-9999
2026-03-24,-9999
2026-03-24,-9999
2026-03-24,-9999
2026-03-24,-9999
2026-03-24,-9999
2026-03-24,-9999
2026-03-24,-9999
2026-03-24,-9999
2026-03-24,-9999
2026-03-24,-9999
2026-03-24,-9999
2026-03-24,-9999
2026-03-24,-9999
2026-03-24,-9999
2026-03-25,-9999
2026-03-25,-9999
2026-03-25,-9999
2026-03-25,-9999
2026-03-25,-9999
2026-03-25,-9999
2026-03-25,-9999
2026-03-25,-9999
2026-03-25,-9999
2026-03-25,-9999
2026-03-25,-9999
2026-03-25,-9999
2026-03-25,-9999
2026-03-25,-9999
2026-03-26,-9999
2026-03-26,-9999
2026-03-26,-9999
2026-03-26,-9999
2026-03-26,-9999
2026-03-26,-9999
2026-03-26,-9999
2026-03-26,-9999
2026-03-26,-9999
2026-03-26,-9999
2026-03-26,-9999
2026-03-26,-9999
2026-03-26,-9999
2026-03-26,-9999
2026-03-26,-9999
2026-03-27,-9999
2026-03-27,-9999
2026-03-27,1.1637426359821348E-4
2026-03-27,-9999
2026-03-27,-9999
2026-03-27,-9999
2026-03-27,-9999
2026-03-27,-9999
2026-03-27,-9999
2026-03-27,-9999
2026-03-27,-9999
2026-03-27,-9999
2026-03-27,-9999
2026-03-27,-9999
2026-03-28,-9999
2026-03-28,-9999
2026-03-28,-9999
2026-03-28,-9999
2026-03-28,-9999
2026-03-28,-9999
2026-03-28,-9999
2026-03-28,-9999
2026-03-28,-9999
2026-03-28,-9999
2026-03-28,-9999
2026-03-28,-9999
2026-03-28,-9999
2026-03-28,-9999
2026-03-29,-9999
2026-03-29,-9999
2026-03-29,-9999
2026-03-29,5.947780034957906E-4
2026-03-29,-9999
2026-03-29,-9999
2026-03-29,-9999
2026-03-29,-9999
2026-03-29,-9999
2026-03-29,-9999
2026-03-29,-9999
2026-03-29,-9999
2026-03-29,-9999
2026-03-29,-9999
2026-03-30,-9999
2026-03-30,-9999
2026-03-30,-9999
2026-03-30,-9999
2026-03-30,-9999
2026-03-30,-9999
2026-03-30,-9999
2026-03-30,-9999
2026-03-30,-9999
2026-03-30,-9999
2026-03-30,-9999
2026-03-30,-9999
2026-03-30,-9999
2026-03-30,-9999
2026-03-31,-9999
2026-03-31,-9999
2026-03-31,-9999
2026-03-31,-9999
2026-03-31,-9999
2026-03-31,-9999
2026-03-31,-9999
2026-03-31,-9999
2026-03-31,-9999
2026-03-31,-9999
2026-03-31,-9999
2026-03-31,-9999
2026-03-31,-9999
2026-03-31,-9999
2026-04-01,-9999
2026-04-01,-9999
2026-04-01,-9999
2026-04-01,2.1232780725281367E-4
2026-04-01,-9999
2026-04-01,-9999
2026-04-01,-9999
2026-04-01,-9999
2026-04-01,-9999
2026-04-01,-9999
2026-04-01,-9999
2026-04-01,-9999
2026-04-01,-9999
2026-04-01,-9999
2026-04-01,-9999
2026-04-02,-9999
2026-04-02,-9999
2026-04-02,-9999
2026-04-02,2.3935503147621173E-4
2026-04-02,-9999
2026-04-02,-9999
2026-04-02,-9999
2026-04-02,-9999
2026-04-02,-9999
2026-04-02,-9999
2026-04-02,-9999
2026-04-02,-9999
2026-04-02,-9999
2026-04-02,-9999
2026-04-03,-9999
2026-04-03,-9999
2026-04-03,-9999
2026-04-03,-1.06755454908061E-4
2026-04-03,-9999
2026-04-03,-9999
2026-04-03,-9999
2026-04-03,-9999
2026-04-03,-9999
2026-04-03,-9999
2026-04-03,-9999
2026-04-03,-9999
2026-04-03,-9999
2026-04-03,-9999
2026-04-04,-9999
2026-04-04,-9999
2026-04-04,-9999
2026-04-04,-9999
2026-04-04,-9999
2026-04-04,-9999
2026-04-04,-9999
2026-04-04,-9999
2026-04-04,-9999
2026-04-04,-9999
2026-04-04,-9999
2026-04-04,-9999
2026-04-04,-9999
2026-04-04,-9999
2026-04-05,-9999
2026-04-05,-9999
2026-04-05,-9999
2026-04-05,-1.1470901060095673E-4
2026-04-05,-9999
2026-04-05,-9999
2026-04-05,-9999
2026-04-05,-9999
2026-04-05,-9999
2026-04-05,-9999
2026-04-05,-9999
2026-04-05,-9999
2026-04-05,-9999
2026-04-05,-9999
2026-04-06,-9999
2026-04-06,-9999
2026-04-06,-9999
2026-04-06,-9999
2026-04-06,-9999
2026-04-06,-9999
2026-04-06,-9999
2026-04-06,-9999
2026-04-06,-9999
2026-04-06,-9999
2026-04-06,-9999
2026-04-06,-9999
2026-04-06,-9999
2026-04-06,-9999
2026-04-06,-9999
2026-04-07,-9999
2026-04-07,-9999
2026-04-07,-9999
2026-04-07,-9999
2026-04-07,-9999
2026-04-07,-9999
2026-04-07,-9999
2026-04-07,-9999
2026-04-07,-9999
2026-04-07,-9999
2026-04-07,-9999
2026-04-07,-9999
2026-04-07,-9999
2026-04-07,-9999
2026-04-08,-9999
2026-04-08,-9999
2026-04-08,-9999
2026-04-08,1.0211960034205966E-4
2026-04-08,-9999
2026-04-08,-9999
2026-04-08,-9999
2026-04-08,-9999
2026-04-08,-9999
2026-04-08,-9999
2026-04-08,-9999
2026-04-08,-9999
2026-04-08,-9999
2026-04-08,-9999
2026-04-09,-9999
2026-04-09,-9999
2026-04-09,-9999
2026-04-09,-9999
2026-04-09,-9999
2026-04-09,-9999
2026-04-09,-9999
2026-04-09,-9999
2026-04-09,-9999
2026-04-09,-9999
2026-04-09,-9999
2026-04-09,-9999
2026-04-09,-9999
2026-04-09,-9999
2026-04-10,-9999
2026-04-10,-9999
2026-04-10,-9999
2026-04-10,-9999
2026-04-10,-9999
2026-04-10,-9999
2026-04-10,-9999
2026-04-10,-9999
2026-04-10,-9999
2026-04-10,-9999
2026-04-10,-9999
2026-04-10,-9999
2026-04-10,-9999
2026-04-10,-9999
2026-04-11,-9999
2026-04-11,-9999
2026-04-11,-9999
2026-04-11,-9999
2026-04-11,-9999
2026-04-11,-9999
2026-04-11,-9999
2026-04-11,-9999
2026-04-11,-9999
2026-04-11,-9999
2026-04-11,-9999
2026-04-11,-9999
2026-04-11,-9999
2026-04-11,-9999
2026-04-11,-9999
2026-04-12,-9999
2026-04-12,-9999
2026-04-12,-9999
2026-04-12,-9999
2026-04-12,-9999
2026-04-12,-9999
2026-04-12,-9999
2026-04-12,-9999
2026-04-12,-9999
2026-04-12,-9999
2026-04-12,-9999
2026-04-12,-9999
2026-04-12,-9999
2026-04-12,-9999
2026-04-13,-9999
2026-04-13,-9999
2026-04-13,-9999
2026-04-13,1.4493144408325346E-4
2026-04-13,-9999
2026-04-13,-9999
2026-04-13,-9999
2026-04-13,-9999
2026-04-13,-9999
2026-04-13,-9999
2026-04-13,-9999
2026-04-13,-9999
2026-04-13,-9999
2026-04-13,-9999
2026-04-14,-9999
2026-04-14,-9999
2026-04-14,-9999
2026-04-14,1.7181430519909E-4
2026-04-14,-9999
2026-04-14,-9999
2026-04-14,-9999
2026-04-14,-9999
2026-04-14,-9999
2026-04-14,-9999
2026-04-14,-9999
2026-04-14,-9999
2026-04-14,-9999
2026-04-14,-9999
2026-04-15,-9999
2026-04-15,-9999
2026-04-15,-9999
2026-04-15,7.130450950225943E-5
2026-04-15,-9999
2026-04-15,-9999
2026-04-15,-9999
2026-04-15,-9999
2026-04-15,-9999
2026-04-15,-9999
2026-04-15,-9999
2026-04-15,-9999
2026-04-15,-9999
2026-04-15,-9999
2026-04-16,-9999
2026-04-16,-9999
2026-04-16,-9999
2026-04-16,2.773826228690812E-4
2026-04-16,-9999
2026-04-16,-9999
2026-04-16,-9999
2026-04-16,-9999
2026-04-16,-9999
2026-04-16,-9999
2026-04-16,-9999
2026-04-16,-9999
2026-04-16,-9999
2026-04-16,-9999
2026-04-17,-9999
2026-04-17,-9999
2026-04-17,-9999
2026-04-17,-1.5355990828316344E-4
2026-04-17,-9999
2026-04-17,-9999
2026-04-17,-9999
2026-04-17,-9999
2026-04-17,-9999
2026-04-17,-9999
2026-04-17,-9999
2026-04-17,-9999
2026-04-17,-9999
2026-04-17,-9999
2026-04-17,-9999
2026-04-18,-9999
2026-04-18,-9999
2026-04-18,-9999
2026-04-18,6.588160176766855E-4
2026-04-18,-9999
2026-04-18,-9999
2026-04-18,-9999
2026-04-18,-9999
2026-04-18,-9999
2026-04-18,-9999
2026-04-18,-9999
2026-04-19,-9999
2026-04-19,-9999
2026-04-19,-9999
2026-04-19,3.0771899037044647E-4
2026-04-19,-9999
2026-04-19,-9999
2026-04-19,-9999
2026-04-19,-9999
2026-04-19,-9999
2026-04-19,-9999
2026-04-19,-9999
2026-04-19,-9999
2026-04-19,-9999
2026-04-19,-9999
2026-04-20,-9999
2026-04-20,-9999
2026-04-20,-9999
2026-04-20,-7.114250183799689E-5
2026-04-20,-9999
2026-04-20,-9999
2026-04-20,-9999
2026-04-20,-9999
2026-04-20,-9999
2026-04-20,-9999
2026-04-20,-9999
2026-04-20,-9999
2026-04-20,-9999
2026-04-20,-9999
2026-04-21,-9999
2026-04-21,-9999
2026-04-21,-9999
2026-04-21,-9999
2026-04-21,-9999
2026-04-21,-9999
2026-04-21,-9999
2026-04-21,-9999
2026-04-21,-9999
2026-04-21,-9999
2026-04-21,-9999
2026-04-21,-9999
2026-04-21,-9999
2026-04-21,-9999
2026-04-22,-9999
2026-04-22,-9999
2026-04-22,-9999
2026-04-22,-9999
2026-04-22,-9999
2026-04-22,-9999
2026-04-22,-9999
2026-04-22,-9999
2026-04-22,-9999
2026-04-22,-9999
2026-04-22,-9999
2026-04-22,-9999
2026-04-22,-9999
2026-04-22,-9999
2026-04-22,-9999
2026-04-23,-9999
2026-04-23,-9999
2026-04-23,-9999
2026-04-23,-9999
2026-04-23,-9999
2026-04-23,-9999
2026-04-23,-9999
2026-04-23,-9999
2026-04-23,-9999
2026-04-23,-9999
2026-04-23,-9999
2026-04-23,-9999
2026-04-23,-9999
2026-04-23,-9999
2026-04-24,-9999
2026-04-24,-9999
2026-04-24,-9999
2026-04-24,-9999
2026-04-24,-9999
2026-04-24,-9999
2026-04-24,-9999
2026-04-24,-9999
2026-04-24,-9999
2026-04-24,-9999
2026-04-24,-9999
2026-04-24,-9999
2026-04-24,-9999
2026-04-24,-9999
2026-04-25,-9999
2026-04-25,-9999
2026-04-25,-9999
2026-04-25,1.894811947756982E-5
2026-04-25,-9999
2026-04-25,-9999
2026-04-25,-9999
2026-04-25,-9999
2026-04-25,-9999
2026-04-25,-9999
2026-04-25,-9999
2026-04-25,-9999
2026-04-25,-9999
2026-04-25,-9999
2026-04-26,-9999
2026-04-26,-9999
2026-04-26,-9999
2026-04-26,-2.4467387059428047E-4
2026-04-26,-9999
2026-04-26,-9999
2026-04-26,-9999
2026-04-26,-9999
2026-04-26,-9999
2026-04-26,-9999
2026-04-26,-9999
2026-04-26,-9999
2026-04-26,-9999
2026-04-26,-9999
2026-04-27,-9999
2026-04-27,-9999
2026-04-27,-9999
2026-04-27,-9999
2026-04-27,-9999
2026-04-27,-9999
2026-04-27,-9999
2026-04-27,-9999
2026-04-27,-9999
2026-04-27,-9999
2026-04-27,-9999
2026-04-27,-9999
2026-04-27,-9999
2026-04-27,-9999
2026-04-27,-9999
2026-04-28,-9999
2026-04-28,-9999
2026-04-28,-9999
2026-04-28,-9999
2026-04-28,-9999
2026-04-28,-9999
2026-04-28,-9999
2026-04-28,-9999
2026-04-28,-9999
2026-04-28,-9999
2026-04-28,-9999
2026-04-28,-9999
2026-04-28,-9999
2026-04-28,-9999
2026-04-29,-9999
2026-04-29,-9999
2026-04-29,-9999
2026-04-29,-9999
2026-04-29,-9999
2026-04-29,-9999
2026-04-29,-9999
2026-04-29,-9999
2026-04-29,-9999
2026-04-29,-9999
2026-04-29,-9999
2026-04-29,-9999
2026-04-30,-9999
2026-04-30,-9999
2026-04-30,-9999
2026-04-30,-9999
2026-04-30,-9999
2026-04-30,-9999
2026-04-30,-9999
2026-04-30,-9999
2026-04-30,-9999
2026-04-30,-9999
2026-04-30,-9999
2026-04-30,-9999
2026-04-30,-9999
2026-04-30,-9999
2026-05-01,-9999
2026-05-01,-9999
2026-05-01,-9999
2026-05-01,3.5733509790161414E-4
2026-05-01,-9999
2026-05-01,-9999
2026-05-01,-9999
2026-05-01,-9999
2026-05-01,-9999
2026-05-01,-9999
2026-05-01,-9999
2026-05-01,-9999
2026-05-01,-9999
2026-05-01,-9999
2026-05-02,-9999
2026-05-02,-9999
2026-05-02,-9999
2026-05-02,-9999
2026-05-02,-9999
2026-05-02,-9999
2026-05-02,-9999
2026-05-02,-9999
2026-05-02,-9999
2026-05-02,-9999
2026-05-02,-9999
2026-05-02,-9999
2026-05-02,-9999
2026-05-02,-9999
2026-05-03,-9999
2026-05-03,-9999
2026-05-03,-9999
2026-05-03,-9999
2026-05-03,-9999
2026-05-03,-9999
2026-05-03,-9999
2026-05-03,-9999
2026-05-03,-9999
2026-05-03,-9999
2026-05-03,-9999
2026-05-03,-9999
2026-05-03,-9999
2026-05-03,-9999
2026-05-03,-9999
2026-05-04,-9999
2026-05-04,-9999
2026-05-04,-9999
2026-05-04,-7.296933472395344E-5
2026-05-04,-9999
2026-05-04,-9999
2026-05-04,-9999
2026-05-04,-9999
2026-05-04,-9999
2026-05-04,-9999
2026-05-04,-9999
2026-05-04,-9999
2026-05-04,-9999
2026-05-04,-9999
2026-05-05,-9999
2026-05-05,-9999
2026-05-05,-9999
2026-05-05,1.6564641555319164E-4
2026-05-05,-9999
2026-05-05,-9999
2026-05-05,-9999
2026-05-05,-9999
2026-05-05,-9999
2026-05-05,-9999
2026-05-05,-9999
2026-05-05,-9999
2026-05-05,-9999
2026-05-05,-9999
2026-05-06,-9999
2026-05-06,-9999
2026-05-06,-9999
2026-05-06,2.1866789029463445E-4
2026-05-06,-9999
2026-05-06,-9999
2026-05-06,-9999
2026-05-06,-9999
2026-05-06,-9999
2026-05-06,-9999
2026-05-06,-9999
2026-05-06,-9999
2026-05-06,-9999
2026-05-06,-9999
2026-05-07,-9999
2026-05-07,-9999
2026-05-07,-9999
2026-05-07,1.501427712830119E-5
2026-05-07,-9999
2026-05-07,-9999
2026-05-07,-9999
2026-05-07,-9999
2026-05-07,-9999
2026-05-07,-9999
2026-05-07,-9999
2026-05-07,-9999
2026-05-07,-9999
2026-05-07,-9999
2026-05-08,-9999
2026-05-08,-9999
2026-05-08,-9999
2026-05-08,9.907571075026627E-5
2026-05-08,-9999
2026-05-08,-9999
2026-05-08,-9999
2026-05-08,-9999
2026-05-08,-9999
2026-05-08,-9999
2026-05-08,-9999
2026-05-08,-9999
2026-05-08,-9999
2026-05-08,-9999
2026-05-08,-9999
2026-05-09,-9999
2026-05-09,-9999
2026-05-09,-9999
2026-05-09,-9999
2026-05-09,-9999
2026-05-09,-9999
2026-05-09,-9999
2026-05-09,-9999
2026-05-09,-9999
2026-05-09,-9999
2026-05-09,-9999
2026-05-09,-9999
2026-05-09,-9999
2026-05-09,-9999
2026-05-10,-9999
2026-05-10,-9999
2026-05-10,-9999
2026-05-10,4.4003350943013723E-4
2026-05-10,-9999
2026-05-10,-9999
2026-05-10,-9999
2026-05-10,-9999
2026-05-10,-9999
2026-05-10,-9999
2026-05-10,-9999
2026-05-10,-9999
2026-05-10,-9999
2026-05-10,-9999
2026-05-11,-9999
2026-05-11,-9999
2026-05-11,-9999
2026-05-11,-1.3185659190650674E-4
2026-05-11,-9999
2026-05-11,-9999
2026-05-11,-9999
2026-05-11,-9999
2026-05-11,-9999
2026-05-11,-9999
2026-05-11,-9999
2026-05-11,-9999
2026-05-11,-9999
2026-05-11,-9999
2026-05-12,-9999
2026-05-12,-9999
2026-05-12,-9999
2026-05-12,-2.002419500686393E-4
2026-05-12,-9999
2026-05-12,-9999
2026-05-12,-9999
2026-05-12,-9999
2026-05-12,-9999
2026-05-12,-9999
2026-05-12,-9999
2026-05-12,-9999
2026-05-12,-9999
2026-05-12,-9999
2026-05-13,-9999
2026-05-13,-9999
2026-05-13,-9999
2026-05-13,2.8775149985473004E-5
2026-05-13,-9999
2026-05-13,-9999
2026-05-13,-9999
2026-05-13,-9999
2026-05-13,-9999
2026-05-13,-9999
2026-05-13,-9999
2026-05-13,-9999
2026-05-13,-9999
2026-05-13,-9999
2026-05-14,-9999
2026-05-14,-9999
2026-05-14,-9999
2026-05-14,7.978355279198876E-4
2026-05-14,-9999
2026-05-14,-9999
2026-05-14,-9999
2026-05-14,-9999
2026-05-14,-9999
2026-05-14,-9999
2026-05-14,-9999
2026-05-14,-9999
2026-05-14,-9999
2026-05-14,-9999
2026-05-14,-9999
2026-05-15,-9999
2026-05-15,-9999
2026-05-15,-9999
2026-05-15,-5.977392356722752E-5
2026-05-15,-9999
2026-05-15,-9999
2026-05-15,-9999
2026-05-15,-9999
2026-05-15,-9999
2026-05-15,-9999
2026-05-15,-9999
2026-05-15,-9999
2026-05-15,-9999
2026-05-15,-9999
2026-05-16,-9999
2026-05-16,-9999
2026-05-16,-9999
2026-05-16,-9999
2026-05-16,-9999
2026-05-16,-9999
2026-05-16,-9999
2026-05-16,-9999
2026-05-16,-9999
2026-05-16,-9999
2026-05-16,-9999
2026-05-16,-9999
2026-05-16,-9999
2026-05-16,-9999
2026-05-17,-9999
2026-05-17,-9999
2026-05-17,-9999
2026-05-17,-9999
2026-05-17,-9999
2026-05-17,-9999
2026-05-17,-9999
2026-05-17,-9999
2026-05-17,-9999
2026-05-17,-9999
2026-05-17,-9999
2026-05-17,-9999
2026-05-17,-9999
2026-05-17,-9999
2026-05-18,-9999
2026-05-18,-9999
2026-05-18,-9999
2026-05-18,2.45431875572093E-4
2026-05-18,-9999
2026-05-18,-9999
2026-05-18,-9999
2026-05-18,-9999
2026-05-18,-9999
2026-05-18,-9999
2026-05-18,-9999
2026-05-18,-9999
2026-05-18,-9999
2026-05-18,-9999
2026-05-19,-9999
2026-05-19,-9999
2026-05-19,-9999
2026-05-19,-9999
2026-05-19,-9999
2026-05-19,-9999
2026-05-19,-9999
2026-05-19,-9999
2026-05-19,-9999
2026-05-19,-9999
2026-05-19,-9999
2026-05-19,-9999
2026-05-19,-9999
2026-05-19,-9999
2026-05-19,-9999
2026-05-20,-9999
2026-05-20,-9999
2026-05-20,-9999
2026-05-20,-9999
2026-05-20,-9999
2026-05-20,-9999
2026-05-20,-9999
2026-05-20,-9999
2026-05-20,-9999
2026-05-20,-9999
2026-05-20,-9999
2026-05-20,-9999
2026-05-20,-9999
2026-05-20,-9999
2026-05-21,-9999
2026-05-21,-9999
2026-05-21,-9999
2026-05-21,-9999
2026-05-21,-9999
2026-05-21,-9999
2026-05-21,-9999
2026-05-21,-9999
2026-05-21,-9999
2026-05-21,-9999
2026-05-21,-9999
2026-05-21,-9999
2026-05-21,-9999
2026-05-21,-9999
2026-05-22,-9999
2026-05-22,-9999
2026-05-22,-9999
2026-05-22,-1.7207621567639436E-5
2026-05-22,-9999
2026-05-22,-9999
2026-05-22,-9999
2026-05-22,-9999
2026-05-22,-9999
2026-05-22,-9999
2026-05-22,-9999
2026-05-22,-9999
2026-05-22,-9999
2026-05-22,-9999
2026-05-23,-9999
2026-05-23,-9999
2026-05-23,-9999
2026-05-23,3.291696956526641E-4
2026-05-23,-9999
2026-05-23,-9999
2026-05-23,-9999
2026-05-23,-9999
2026-05-23,-9999
2026-05-23,-9999
2026-05-23,-9999
2026-05-23,-9999
2026-05-23,-9999
2026-05-23,-9999
2026-05-24,-9999
2026-05-24,-9999
2026-05-24,-9999
2026-05-24,-9999
2026-05-24,-9999
2026-05-24,-9999
2026-05-24,-9999
2026-05-24,-9999
2026-05-24,-9999
2026-05-25,-9999
2026-05-25,-9999
2026-05-25,-9999
2026-05-25,-9999
2026-05-25,-9999
2026-05-25,-9999
2026-05-25,-9999
2026-05-25,-9999
2026-05-25,-9999
2026-05-26,-9999
2026-05-26,-9999
2026-05-26,-9999
2026-05-26,-1.4805225135416014E-4
2026-05-26,-9999
2026-05-26,-9999
2026-05-26,-9999
2026-05-26,-9999
2026-05-26,-9999
2026-05-26,-9999
2026-05-26,-9999
2026-05-26,-9999
2026-05-26,-9999
2026-05-26,-9999
2026-05-27,-9999
2026-05-27,-9999
2026-05-27,-9999
2026-05-27,-9999
2026-05-27,-9999
2026-05-27,-9999
2026-05-27,-9999
2026-05-27,-9999
2026-05-27,-9999
2026-05-27,-9999
2026-05-27,-9999
2026-05-27,-9999
2026-05-27,-9999
2026-05-27,-9999
2026-05-28,-9999
2026-05-28,-9999
2026-05-28,-9999
2026-05-28,1.9998931384196153E-4
2026-05-28,-9999
2026-05-28,-9999
2026-05-28,-9999
2026-05-28,-9999
2026-05-28,-9999
2026-05-28,-9999
2026-05-28,-9999
2026-05-28,-9999
2026-05-28,-9999
2026-05-28,-9999
2026-05-29,-9999
2026-05-29,-9999
2026-05-29,-9999
2026-05-29,4.509855311892833E-4
2026-05-29,-9999
2026-05-29,-9999
2026-05-29,-9999
2026-05-29,-9999
2026-05-29,-9999
2026-05-29,-9999
2026-05-29,-9999
2026-05-29,-9999
2026-05-29,-9999
2026-05-29,-9999
2026-05-30,-9999
2026-05-30,-9999
2026-05-30,-9999
2026-05-30,-9999
2026-05-30,-9999
2026-05-30,-9999
2026-05-30,-9999
2026-05-30,-9999
2026-05-30,-9999
2026-05-30,-9999
2026-05-30,-9999
2026-05-30,-9999
2026-05-30,-9999
2026-05-30,-9999
2026-05-30,-9999
2026-05-31,-9999
2026-05-31,-9999
2026-05-31,-9999
2026-05-31,7.566215208494218E-5
2026-05-31,-9999
2026-05-31,-9999
2026-05-31,-9999
2026-05-31,-9999
2026-05-31,-9999
2026-05-31,-9999
2026-05-31,-9999
2026-05-31,-9999
2026-05-31,-9999
2026-05-31,-9999
2026-06-01,-9999
2026-06-01,-9999
2026-06-01,-9999
2026-06-01,1.2300750170858308E-4
2026-06-01,-9999
2026-06-01,-9999
2026-06-01,-9999
2026-06-01,-9999
2026-06-01,-9999
2026-06-01,-9999
2026-06-01,-9999
2026-06-01,-9999
2026-06-01,-9999
2026-06-01,-9999
2026-06-02,-9999
2026-06-02,-9999
2026-06-02,-9999
2026-06-02,-1.2438513294902613E-5
2026-06-02,-9999
2026-06-02,-9999
2026-06-02,-9999
2026-06-02,-9999
2026-06-02,-9999
2026-06-02,-9999
2026-06-02,-9999
2026-06-02,-9999
2026-06-02,-9999
2026-06-02,-9999
2026-06-03,-9999
2026-06-03,-9999
2026-06-03,-9999
2026-06-03,1.553635229357862E-4
2026-06-03,-9999
2026-06-03,-9999
2026-06-03,-9999
2026-06-03,-9999
2026-06-03,-9999
2026-06-03,-9999
2026-06-03,-9999
2026-06-03,-9999
2026-06-03,-9999
2026-06-03,-9999
2026-06-04,-9999
2026-06-04,-9999
2026-06-04,-9999
2026-06-04,1.2036089901822252E-4
2026-06-04,-9999
2026-06-04,-9999
2026-06-04,-9999
2026-06-04,-9999
2026-06-04,-9999
2026-06-04,-9999
2026-06-04,-9999
2026-06-04,-9999
2026-06-04,-9999
2026-06-04,-9999
2026-06-04,-9999
2026-06-05,-9999
2026-06-05,-9999
2026-06-05,-9999
2026-06-05,-5.165543308122852E-4
2026-06-05,-9999
2026-06-05,-9999
2026-06-05,-9999
2026-06-05,-9999
2026-06-05,-9999
2026-06-05,-9999
2026-06-05,-9999
2026-06-05,-9999
2026-06-05,-9999
2026-06-05,-9999
2026-06-06,-9999
2026-06-06,-9999
2026-06-06,-9999
2026-06-06,1.1706758959910323E-4
2026-06-06,-9999
2026-06-06,-9999
2026-06-06,-9999
2026-06-06,-9999
2026-06-06,-9999
2026-06-06,-9999
2026-06-06,-9999
2026-06-06,-9999
2026-06-06,-9999
2026-06-06,-9999
2026-06-07,-9999
2026-06-07,-9999
2026-06-07,-9999
2026-06-07,-5.688678531402298E-5
2026-06-07,-9999
2026-06-07,-9999
2026-06-07,-9999
2026-06-07,-9999
2026-06-07,-9999
2026-06-07,-9999
2026-06-07,-9999
2026-06-07,-9999
2026-06-07,-9999
2026-06-07,-9999
2026-06-08,-9999
2026-06-08,-9999
2026-06-08,-9999
2026-06-08,-6.023066574014458E-5
2026-06-08,-9999
2026-06-08,-9999
2026-06-08,-9999
2026-06-08,-9999
2026-06-08,-9999
2026-06-08,-9999
2026-06-08,-9999
2026-06-08,-9999
2026-06-08,-9999
2026-06-08,-9999
2026-06-09,-9999
2026-06-09,-9999
2026-06-09,-9999
2026-06-09,-6.892625970073113E-5
2026-06-09,-9999
2026-06-09,-9999
2026-06-09,-9999
2026-06-09,-9999
2026-06-09,-9999
2026-06-09,-9999
2026-06-09,-9999
2026-06-09,-9999
2026-06-09,-9999
2026-06-09,-9999
2026-06-09,-9999
2026-06-10,-9999
2026-06-10,-9999
2026-06-10,-9999
2026-06-10,0.0011207173811265058
2026-06-10,-9999
2026-06-10,-9999
2026-06-10,-9999
2026-06-10,-9999
2026-06-10,-9999
2026-06-10,-9999
2026-06-10,-9999
2026-06-10,-9999
2026-06-10,-9999
2026-06-10,-9999
2026-06-11,-9999
2026-06-11,-9999
2026-06-11,-9999
2026-06-11,2.1202127566193285E-4
2026-06-11,-9999
2026-06-11,-9999
2026-06-11,-9999
2026-06-11,-9999
2026-06-11,-9999
2026-06-11,-9999
2026-06-11,-9999
2026-06-11,-9999
2026-06-11,-9999
2026-06-11,-9999
2026-06-12,-9999
2026-06-12,-9999
2026-06-12,-9999
2026-06-12,-9999
2026-06-12,-9999
2026-06-12,-9999
2026-06-12,-9999
2026-06-12,-9999
2026-06-12,-9999
2026-06-12,-9999
2026-06-12,-9999
2026-06-12,-9999
2026-06-12,-9999
2026-06-12,-9999
2026-06-13,-9999
2026-06-13,-9999
2026-06-13,-9999
2026-06-13,-9999
2026-06-13,-9999
2026-06-13,-9999
2026-06-13,-9999
2026-06-13,-9999
2026-06-13,-9999
2026-06-13,-9999
2026-06-13,-9999
2026-06-13,-9999
2026-06-13,-9999
2026-06-13,-9999
2026-06-14,-9999
2026-06-14,-9999
2026-06-14,-9999
2026-06-14,1.7959050921263975E-4
2026-06-14,-9999
2026-06-14,-9999
2026-06-14,-9999
2026-06-14,-9999
2026-06-14,-9999
2026-06-14,-9999
2026-06-14,-9999
2026-06-14,-9999
2026-06-14,-9999
2026-06-14,-9999
2026-06-15,-9999
2026-06-15,-9999
2026-06-15,-9999
2026-06-15,-8.949027863766693E-4
2026-06-15,-9999
2026-06-15,-9999
2026-06-15,-9999
2026-06-15,-9999
2026-06-15,-9999
2026-06-15,-9999
2026-06-15,-9999
2026-06-15,-9999
2026-06-15,-9999
2026-06-15,-9999
2026-06-15,-9999
2026-06-16,-9999
2026-06-16,-9999
2026-06-16,-9999
2026-06-16,-6.166346138339512E-4
2026-06-16,-9999
2026-06-16,-9999
2026-06-16,-9999
2026-06-16,-9999
2026-06-16,-9999
2026-06-16,-9999
2026-06-16,-9999
2026-06-16,-9999
2026-06-16,-9999
2026-06-16,-9999
2026-06-17,-9999
2026-06-17,-9999
2026-06-17,-9999
2026-06-17,-2.83453904557803E-4
2026-06-17,-9999
2026-06-17,-9999
2026-06-17,-9999
2026-06-17,-9999
2026-06-17,-9999
2026-06-17,-9999
2026-06-17,-9999
2026-06-17,-9999
2026-06-17,-9999
2026-06-17,-9999
2026-06-18,-9999
2026-06-18,-9999
2026-06-18,-9999
2026-06-18,-1.4227547207865468E-4
2026-06-18,-9999
2026-06-18,-9999
2026-06-18,-9999
2026-06-18,-9999
2026-06-18,-9999
2026-06-18,-9999
2026-06-18,-9999
2026-06-18,-9999
2026-06-18,-9999
2026-06-18,-9999
2026-06-19,-9999
2026-06-19,-9999
2026-06-19,-9999
2026-06-19,6.711591267963791E-4
2026-06-19,-9999
2026-06-19,-9999
2026-06-19,-9999
2026-06-19,-9999
2026-06-19,-9999
2026-06-19,-9999
2026-06-19,-9999
2026-06-19,-9999
2026-06-19,-9999
2026-06-19,-9999
2026-06-20,-9999
2026-06-20,-9999
2026-06-20,-9999
2026-06-20,-1.61871445016137E-4
2026-06-20,-9999
2026-06-20,-9999
2026-06-20,-9999
2026-06-20,-9999
2026-06-20,-9999
2026-06-20,-9999
2026-06-20,-9999
2026-06-20,-9999
2026-06-20,-9999
2026-06-20,-9999
2026-06-20,-9999
2026-06-21,-9999
2026-06-21,-9999
2026-06-21,-9999
2026-06-21,3.0896157841179596E-4
2026-06-21,-9999
2026-06-21,-9999
2026-06-21,-9999
2026-06-21,-9999
2026-06-21,-9999
2026-06-21,-9999
2026-06-21,-9999
2026-06-21,-9999
2026-06-21,-9999
2026-06-21,-9999
2026-06-22,-9999
2026-06-22,-9999
2026-06-22,-9999
2026-06-22,-9.012383088696924E-5
2026-06-22,-9999
2026-06-22,-9999
2026-06-22,-9999
2026-06-22,-9999
2026-06-22,-9999
2026-06-22,-9999
2026-06-22,-9999
2026-06-22,-9999
2026-06-22,-9999
2026-06-22,-9999
2026-06-23,-9999
2026-06-23,-9999
2026-06-23,-9999
2026-06-23,-1.9157789273283423E-4
2026-06-23,-9999
2026-06-23,-9999
2026-06-23,-9999
2026-06-23,-9999
2026-06-23,-9999
2026-06-23,-9999
2026-06-23,-9999
2026-06-23,-9999
2026-06-23,-9999
2026-06-23,-9999
2026-06-24,-9999
2026-06-24,-9999
2026-06-24,-9999
2026-06-24,-4.109619261328159E-5
2026-06-24,-9999
2026-06-24,-9999
2026-06-24,-9999
2026-06-24,-9999
2026-06-24,-9999
2026-06-24,-9999
2026-06-24,-9999
2026-06-24,-9999
2026-06-24,-9999
2026-06-24,-9999
2026-06-25,-9999
2026-06-25,-9999
2026-06-25,-9999
2026-06-25,-1.282175653615156E-4
2026-06-25,-9999
2026-06-25,-9999
2026-06-25,-9999
2026-06-25,-9999
2026-06-25,-9999
2026-06-25,-9999
2026-06-25,-9999
2026-06-25,-9999
2026-06-25,-9999
2026-06-25,-9999
2026-06-25,-9999
2026-06-26,-9999
2026-06-26,-9999
2026-06-26,-9999
2026-06-26,2.919214311985409E-4
2026-06-26,-9999
2026-06-26,-9999
2026-06-26,-9999
2026-06-26,-9999
2026-06-26,-9999
2026-06-26,-9999
2026-06-26,-9999
2026-06-26,-9999
2026-06-26,-9999
2026-06-26,-9999
2026-06-27,-9999
2026-06-27,-9999
2026-06-27,-9999
2026-06-27,1.4761704369439262E-4
2026-06-27,-9999
2026-06-27,-9999
2026-06-27,-9999
2026-06-27,-9999
2026-06-27,-9999
2026-06-27,-9999
2026-06-27,-9999
2026-06-27,-9999
2026-06-27,-9999
2026-06-27,-9999
2026-06-28,-9999
2026-06-28,-9999
2026-06-28,-9999
2026-06-28,2.021182881434166E-4
2026-06-28,-9999
2026-06-28,-9999
2026-06-28,-9999
2026-06-28,-9999
2026-06-28,-9999
2026-06-28,-9999
2026-06-28,-9999
2026-06-28,-9999
2026-06-28,-9999
2026-06-28,-9999
2026-06-29,-9999
2026-06-29,-9999
2026-06-29,-9999
2026-06-29,3.642185765782047E-4
2026-06-29,-9999
2026-06-29,-9999
2026-06-29,-9999
2026-06-29,-9999
2026-06-29,-9999
2026-06-29,-9999
2026-06-29,-9999
2026-06-29,-9999
2026-06-29,-9999
2026-06-29,-9999
2026-06-30,-9999
2026-06-30,-9999
2026-06-30,-9999
2026-06-30,-1.9054066070712047E-4
2026-06-30,-9999
2026-06-30,-9999
2026-06-30,-9999
2026-06-30,-9999
2026-06-30,-9999
2026-06-30,-9999
2026-06-30,-9999
2026-06-30,-9999
2026-06-30,-9999
2026-06-30,-9999
2026-07-01,-9999
2026-07-01,-9999
2026-07-01,-9999
2026-07-01,6.756248767493249E-4
2026-07-01,-9999
2026-07-01,-9999
2026-07-01,-9999
2026-07-01,-9999
2026-07-01,-9999
2026-07-01,-9999
2026-07-01,-9999
2026-07-01,-9999
2026-07-01,-9999
2026-07-01,-9999
2026-07-01,-9999
2026-07-02,-9999
2026-07-02,-9999
2026-07-02,-9999
2026-07-02,6.164395826656197E-4
2026-07-02,-9999
2026-07-02,-9999
2026-07-02,-9999
2026-07-02,-9999
2026-07-02,-9999
2026-07-02,-9999
2026-07-02,-9999
2026-07-02,-9999
2026-07-02,-9999
2026-07-02,-9999
2026-07-03,-9999
2026-07-03,-9999
2026-07-03,-9999
2026-07-03,7.381163041927051E-5
2026-07-03,-9999
2026-07-03,-9999
2026-07-03,-9999
2026-07-03,-9999
2026-07-03,-9999
2026-07-03,-9999
2026-07-03,-9999
2026-07-03,-9999
2026-07-03,-9999
2026-07-03,-9999
2026-07-04,-9999
2026-07-04,-9999
2026-07-04,-9999
2026-07-04,4.6251630704519293E-4
2026-07-04,-9999
2026-07-04,-9999
2026-07-04,-9999
2026-07-04,-9999
2026-07-04,-9999
2026-07-04,-9999
2026-07-04,-9999
2026-07-04,-9999
2026-07-04,-9999
2026-07-04,-9999
2026-07-05,-9999
2026-07-05,-9999
2026-07-05,-9999
2026-07-05,-1.4082968494648823E-4
2026-07-05,-9999
2026-07-05,-9999
2026-07-05,-9999
2026-07-05,-9999
2026-07-05,-9999
2026-07-05,-9999
2026-07-05,-9999
2026-07-05,-9999
2026-07-05,-9999
2026-07-05,-9999
2026-07-06,-9999
2026-07-06,-9999
2026-07-06,-9999
2026-07-06,4.878529580313991E-4
2026-07-06,-9999
2026-07-06,-9999
2026-07-06,-9999
2026-07-06,-9999
2026-07-06,-9999
2026-07-06,-9999
2026-07-06,-9999
2026-07-06,-9999
2026-07-06,-9999
2026-07-06,-9999
2026-07-06,-9999
2026-07-07,-9999
2026-07-07,-9999
2026-07-07,-9999
2026-07-07,2.364494575884636E-4
2026-07-07,-9999
2026-07-07,-9999
2026-07-07,-9999
2026-07-07,-9999
2026-07-07,-9999
2026-07-07,-9999
2026-07-07,-9999
2026-07-07,-9999
2026-07-07,-9999
2026-07-07,-9999
2026-07-08,-9999
2026-07-08,-9999
2026-07-08,-9999
2026-07-08,8.168620988721711E-4
2026-07-08,-9999
2026-07-08,-9999
2026-07-08,-9999
2026-07-08,-9999
2026-07-08,-9999
2026-07-08,-9999
2026-07-08,-9999
2026-07-08,-9999
2026-07-08,-9999
2026-07-08,-9999
2026-07-09,-9999
2026-07-09,-9999
2026-07-09,-9999
2026-07-09,-7.891896530049772E-5
2026-07-09,-9999
2026-07-09,-9999
2026-07-09,-9999
2026-07-09,-9999
2026-07-09,-9999
2026-07-09,-9999
2026-07-09,-9999
2026-07-09,-9999
2026-07-09,-9999
2026-07-09,-9999
2026-07-10,-9999
2026-07-10,-9999
2026-07-10,-9999
2026-07-10,-5.190910538388092E-5
2026-07-10,-9999
2026-07-10,-9999
2026-07-10,-9999
2026-07-10,-9999
2026-07-10,-9999
2026-07-10,-9999
2026-07-10,-9999
2026-07-10,-9999
2026-07-10,-9999
2026-07-10,-9999
2026-07-11,-9999
2026-07-11,-9999
2026-07-11,-9999
2026-07-11,-9999
2026-07-11,-9999
2026-07-11,-9999
2026-07-11,-9999
2026-07-11,-9999
2026-07-11,-9999
2026-07-11,-9999
2026-07-11,-9999
2026-07-11,-9999
2026-07-11,-9999
2026-07-11,-9999
2026-07-11,-9999
2026-07-12,-9999
2026-07-12,-9999
2026-07-12,-9999
2026-07-12,2.2838683798895475E-4
2026-07-12,-9999
2026-07-12,-9999
2026-07-12,-9999
2026-07-12,-9999
2026-07-12,-9999
2026-07-12,-9999
2026-07-12,-9999
2026-07-12,-9999
2026-07-12,-9999
2026-07-12,-9999
2026-07-13,-9999
2026-07-13,-9999
2026-07-13,-9999
2026-07-13,1.0594137420966966E-4
2026-07-13,-9999
2026-07-13,-9999
2026-07-13,-9999
2026-07-13,-9999
2026-07-13,-9999
2026-07-13,-9999
2026-07-13,-9999
2026-07-13,-9999
2026-07-13,-9999
2026-07-13,-9999
2026-07-14,-9999
2026-07-14,-9999
2026-07-14,-9999
2026-07-14,-2.858634688889754E-4
2026-07-14,-9999
2026-07-14,-9999
2026-07-14,-9999
2026-07-14,-9999
2026-07-14,-9999
2026-07-14,-9999
2026-07-14,-9999
2026-07-14,-9999
2026-07-14,-9999
2026-07-14,-9999
2026-07-15,-9999
2026-07-15,-9999
2026-07-15,-9999
2026-07-15,-9.021956793738482E-5
2026-07-15,-9999
2026-07-15,-9999
2026-07-15,-9999
2026-07-15,-9999
2026-07-15,-9999
2026-07-15,-9999
2026-07-15,-9999
2026-07-15,-9999
2026-07-15,-9999
2026-07-15,-9999
2026-07-16,-9999
2026-07-16,-9999
2026-07-16,-9999
2026-07-16,-8.636832064270779E-6
2026-07-16,-9999
2026-07-16,-9999
2026-07-16,-9999
2026-07-16,-9999
2026-07-16,-9999
2026-07-16,-9999
2026-07-16,-9999
2026-07-16,-9999
2026-07-16,-9999
2026-07-16,-9999
2026-07-17,-9999
2026-07-17,-9999
2026-07-17,-9999
2026-07-17,6.542796618310517E-4
2026-07-17,-9999
2026-07-17,-9999
2026-07-17,-9999
2026-07-17,-9999
2026-07-17,-9999
2026-07-17,-9999
2026-07-17,-9999
2026-07-17,-9999
2026-07-17,-9999
2026-07-17,-9999
2026-07-17,-9999
2026-07-18,-9999
2026-07-18,-9999
2026-07-18,-9999
2026-07-18,2.7231575222669583E-4
2026-07-18,-9999
2026-07-18,-9999
2026-07-18,-9999
2026-07-18,-9999
2026-07-18,-9999
2026-07-18,-9999
2026-07-18,-9999
2026-07-18,-9999
2026-07-18,-9999
2026-07-18,-9999
2026-07-19,-9999
2026-07-19,-9999
2026-07-19,-9999
2026-07-19,7.377922302107553E-4
2026-07-19,-9999
2026-07-19,-9999
2026-07-19,-9999
2026-07-19,-9999
2026-07-19,-9999
2026-07-19,-9999
2026-07-19,-9999
2026-07-19,-9999
2026-07-19,-9999
2026-07-19,-9999
2026-07-20,-9999
2026-07-20,-9999
2026-07-20,-9999
2026-07-20,-2.1670113349667104E-4
2026-07-20,-9999
2026-07-20,-9999
2026-07-20,-9999
2026-07-20,-9999
2026-07-20,-9999
2026-07-20,-9999
2026-07-20,-9999
2026-07-20,-9999
2026-07-20,-9999
2026-07-20,-9999
2026-07-21,-9999
2026-07-21,-9999
2026-07-21,-9999
2026-07-21,-1.1394934818892649E-4
2026-07-21,-9999
2026-07-21,-9999
2026-07-21,-9999
2026-07-21,-9999
2026-07-21,-9999
2026-07-21,-9999
2026-07-21,-9999
2026-07-21,-9999
2026-07-21,-9999
2026-07-21,-9999
2026-07-22,-9999
2026-07-22,-9999
2026-07-22,-9999
2026-07-22,1.8815127259601448E-4
2026-07-22,-9999
2026-07-22,-9999
2026-07-22,-9999
2026-07-22,-9999
2026-07-22,-9999
2026-07-22,-9999
2026-07-22,-9999
2026-07-22,-9999
2026-07-22,-9999
2026-07-22,-9999
2026-07-22,-9999
2026-07-23,-9999
2026-07-23,-9999
2026-07-23,-9999
2026-07-23,-7.420554934427321E-5
2026-07-23,-9999
2026-07-23,-9999
2026-07-23,-9999
2026-07-23,-9999
2026-07-23,-9999
2026-07-23,-9999
2026-07-23,-9999
2026-07-23,-9999
2026-07-23,-9999
2026-07-23,-9999
2026-07-24,-9999
2026-07-24,-9999
2026-07-24,-9999
2026-07-24,1.296747263783949E-4
2026-07-24,-9999
2026-07-24,-9999
2026-07-24,-9999
2026-07-24,-9999
2026-07-24,-9999
2026-07-24,-9999
2026-07-24,-9999
2026-07-24,-9999
2026-07-24,-9999
2026-07-24,-9999
2026-07-25,-9999
2026-07-25,-9999
2026-07-25,-9999
2026-07-25,-6.651842340948863E-6
2026-07-25,-9999
2026-07-25,-9999
2026-07-25,-9999
2026-07-25,-9999
2026-07-25,-9999
2026-07-25,-9999
2026-07-25,-9999
2026-07-25,-9999
2026-07-25,-9999
2026-07-25,-9999
2026-07-26,-9999
2026-07-26,-9999
2026-07-26,-9999
2026-07-26,9.503762479297334E-5
2026-07-26,-9999
2026-07-26,-9999
2026-07-26,-9999
2026-07-26,-9999
2026-07-26,-9999
2026-07-26,-9999
2026-07-26,-9999
2026-07-26,-9999
2026-07-26,-9999
2026-07-26,-9999
2026-07-27,-9999
2026-07-27,-9999
2026-07-27,-9999
2026-07-27,-9999
2026-07-27,-9999
2026-07-27,-9999
2026-07-27,-9999
2026-07-27,-9999
2026-07-27,-9999
2026-07-27,-9999
2026-07-27,-9999
2026-07-27,-9999
2026-07-27,-9999
2026-07-27,-9999
2026-07-27,-9999
2026-07-28,-9999
2026-07-28,-9999
2026-07-28,-9999
2026-07-28,-9999
2026-07-28,-9999
2026-07-28,-9999
2026-07-28,-9999
2026-07-28,-9999
2026-07-28,-9999
2026-07-28,-9999
2026-07-28,-9999
2026-07-28,-9999
2026-07-28,-9999
2026-07-28,-9999
2026-07-29,-9999
2026-07-29,-9999
2026-07-29,-9999
2026-07-29,1.629463222344812E-4
2026-07-29,-9999
2026-07-29,-9999
2026-07-29,-9999
2026-07-29,-9999
2026-07-29,-9999
2026-07-29,-9999
2026-07-29,-9999
2026-07-29,-9999
2026-07-29,-9999
2026-07-29,-9999
2026-07-30,-9999
2026-07-30,-9999
2026-07-30,-9999
2026-07-30,1.0058983752977907E-4
2026-07-30,-9999
2026-07-30,-9999
2026-07-30,-9999
2026-07-30,-9999
2026-07-30,-9999
2026-07-30,-9999
2026-07-30,-9999
2026-07-30,-9999
2026-07-30,-9999
2026-07-30,-9999
2026-07-31,-9999
2026-07-31,-9999
2026-07-31,-9999
2026-07-31,2.2582721850170182E-5
2026-07-31,-9999
2026-07-31,-9999
2026-07-31,-9999
2026-07-31,-9999
2026-07-31,-9999
2026-07-31,-9999
2026-07-31,-9999
2026-07-31,-9999
2026-07-31,-9999
2026-07-31,-9999
2026-08-01,-9999
2026-08-01,-9999
2026-08-01,-9999
2026-08-01,1.4360963541540077E-4
2026-08-01,-9999
2026-08-01,-9999
2026-08-01,-9999
2026-08-01,-9999
2026-08-01,-9999
2026-08-01,-9999
2026-08-01,-9999
2026-08-01,-9999
2026-08-01,-9999
2026-08-01,-9999
2026-08-02,-9999
2026-08-02,-9999
2026-08-02,-9999
2026-08-02,9.240723621423945E-4
2026-08-02,-9999
2026-08-02,-9999
2026-08-02,-9999
2026-08-02,-9999
2026-08-02,-9999
2026-08-02,-9999
2026-08-02,-9999
2026-08-02,-9999
2026-08-02,-9999
2026-08-02,-9999
2026-08-02,-9999
2026-08-03,-9999
2026-08-03,-9999
2026-08-03,-9999
2026-08-03,-2.7130966191202314E-4
2026-08-03,-9999
2026-08-03,-9999
2026-08-03,-9999
2026-08-03,-9999
2026-08-03,-9999
2026-08-03,-9999
2026-08-03,-9999
2026-08-03,-9999
2026-08-03,-9999
2026-08-03,-9999
2026-08-04,-9999
2026-08-04,-9999
2026-08-04,-9999
2026-08-04,1.5705859650539548E-5
2026-08-04,-9999
2026-08-04,-9999
2026-08-04,-9999
2026-08-04,-9999
2026-08-04,-9999
2026-08-04,-9999
2026-08-04,-9999
2026-08-04,-9999
2026-08-04,-9999
2026-08-04,-9999
2026-08-05,-9999
2026-08-05,-9999
2026-08-05,-9999
2026-08-05,4.4993148185285735E-4
2026-08-05,-9999
2026-08-05,-9999
2026-08-05,-9999
2026-08-05,-9999
2026-08-05,-9999
2026-08-05,-9999
2026-08-05,-9999
2026-08-05,-9999
2026-08-05,-9999
2026-08-05,-9999
2026-08-06,-9999
2026-08-06,-9999
2026-08-06,-9999
2026-08-06,9.180325688067851E-5
2026-08-06,-9999
2026-08-06,-9999
2026-08-06,-9999
2026-08-06,-9999
2026-08-06,-9999
2026-08-06,-9999
2026-08-06,-9999
2026-08-06,-9999
2026-08-06,-9999
2026-08-06,-9999
2026-08-07,-9999
2026-08-07,-9999
2026-08-07,-9999
2026-08-07,2.8381810989213833E-4
2026-08-07,-9999
2026-08-07,-9999
2026-08-07,-9999
2026-08-07,-9999
2026-08-07,-9999
2026-08-07,-9999
2026-08-07,-9999
2026-08-07,-9999
2026-08-07,-9999
2026-08-07,-9999
2026-08-07,-9999
2026-08-08,-9999
2026-08-08,-9999
2026-08-08,-9999
2026-08-08,2.3920531393755196E-5
2026-08-08,-9999
2026-08-08,-9999
2026-08-08,-9999
2026-08-08,-9999
2026-08-08,-9999
2026-08-08,-9999
2026-08-08,-9999
2026-08-08,-9999
2026-08-08,-9999
2026-08-08,-9999
2026-08-09,-9999
2026-08-09,-9999
2026-08-09,-9999
2026-08-09,-8.943570719573536E-5
2026-08-09,-9999
2026-08-09,-9999
2026-08-09,-9999
2026-08-09,-9999
2026-08-09,-9999
2026-08-09,-9999
2026-08-09,-9999
2026-08-09,-9999
2026-08-09,-9999
2026-08-09,-9999
2026-08-10,-9999
2026-08-10,-9999
2026-08-10,-9999
2026-08-10,-1.256081603540229E-4
2026-08-10,-9999
2026-08-10,-9999
2026-08-10,-9999
2026-08-10,-9999
2026-08-10,-9999
2026-08-10,-9999
2026-08-10,-9999
2026-08-10,-9999
2026-08-10,-9999
2026-08-10,-9999
2026-08-11,-9999
2026-08-11,-9999
2026-08-11,-9999
2026-08-11,6.478873550695592E-5
2026-08-11,-9999
2026-08-11,-9999
2026-08-11,-9999
2026-08-11,-9999
2026-08-11,-9999
2026-08-11,-9999
2026-08-11,-9999
2026-08-11,-9999
2026-08-11,-9999
2026-08-11,-9999
2026-08-12,-9999
2026-08-12,-9999
2026-08-12,-9999
2026-08-12,2.4133690749280566E-4
2026-08-12,-9999
2026-08-12,-9999
2026-08-12,-9999
2026-08-12,-9999
2026-08-12,-9999
2026-08-12,-9999
2026-08-12,-9999
2026-08-12,-9999
2026-08-12,-9999
2026-08-12,-9999
2026-08-12,-9999
2026-08-13,-9999
2026-08-13,-9999
2026-08-13,-9999
2026-08-13,5.447006441005752E-5
2026-08-13,-9999
2026-08-13,-9999
2026-08-13,-9999
2026-08-13,-9999
2026-08-13,-9999
2026-08-13,-9999
2026-08-13,-9999
2026-08-13,-9999
2026-08-13,-9999
2026-08-13,-9999
2026-08-14,-9999
2026-08-14,-9999
2026-08-14,-9999
2026-08-14,2.401427482256774E-4
2026-08-14,-9999
2026-08-14,-9999
2026-08-14,-9999
2026-08-14,-9999
2026-08-14,-9999
2026-08-14,-9999
2026-08-14,-9999
2026-08-14,-9999
2026-08-14,-9999
2026-08-14,-9999
2026-08-15,-9999
2026-08-15,-9999
2026-08-15,-9999
2026-08-15,-4.394734060046144E-5
2026-08-15,-9999
2026-08-15,-9999
2026-08-15,-9999
2026-08-15,-9999
2026-08-15,-9999
2026-08-15,-9999
2026-08-15,-9999
2026-08-15,-9999
2026-08-15,-9999
2026-08-15,-9999
2026-08-16,-9999
2026-08-16,-9999
2026-08-16,-9999
2026-08-16,1.4735993318018037E-5
2026-08-16,-9999
2026-08-16,-9999
2026-08-16,-9999
2026-08-16,-9999
2026-08-16,-9999
2026-08-16,-9999
2026-08-16,-9999
2026-08-16,-9999
2026-08-16,-9999
2026-08-16,-9999
2026-08-17,-9999
2026-08-17,-9999
2026-08-17,-9999
2026-08-17,6.124987703511539E-5
2026-08-17,-9999
2026-08-17,-9999
2026-08-17,-9999
2026-08-17,-9999
2026-08-17,-9999
2026-08-17,-9999
2026-08-17,-9999
2026-08-17,-9999
2026-08-17,-9999
2026-08-17,-9999
2026-08-18,-9999
2026-08-18,-9999
2026-08-18,-9999
2026-08-18,9.63673053774404E-4
2026-08-18,-9999
2026-08-18,-9999
2026-08-18,-9999
2026-08-18,-9999
2026-08-18,-9999
2026-08-18,-9999
2026-08-18,-9999
2026-08-18,-9999
2026-08-18,-9999
2026-08-18,-9999
2026-08-18,-9999
2026-08-19,-9999
2026-08-19,-9999
2026-08-19,-9999
2026-08-19,4.924903408063735E-4
2026-08-19,-9999
2026-08-19,-9999
2026-08-19,-9999
2026-08-19,-9999
2026-08-19,-9999
2026-08-19,-9999
2026-08-19,-9999
2026-08-19,-9999
2026-08-19,-9999
2026-08-19,-9999
2026-08-20,-9999
2026-08-20,-9999
2026-08-20,-9999
2026-08-20,2.130248915548847E-4
2026-08-20,-9999
2026-08-20,-9999
2026-08-20,-9999
2026-08-20,-9999
2026-08-20,-9999
2026-08-20,-9999
2026-08-20,-9999
2026-08-20,-9999
2026-08-20,-9999
2026-08-20,-9999
2026-08-21,-9999
2026-08-21,-9999
2026-08-21,-9999
2026-08-21,3.8333400152600636E-4
2026-08-21,-9999
2026-08-21,-9999
2026-08-21,-9999
2026-08-21,-9999
2026-08-21,-9999
2026-08-21,-9999
2026-08-21,-9999
2026-08-21,-9999
2026-08-21,-9999
2026-08-21,-9999
2026-08-22,-9999
2026-08-22,-9999
2026-08-22,-9999
2026-08-22,1.250115137917188E-4
2026-08-22,-9999
2026-08-22,-9999
2026-08-22,-9999
2026-08-22,-9999
2026-08-22,-9999
2026-08-22,-9999
2026-08-22,-9999
2026-08-22,-9999
2026-08-22,-9999
2026-08-22,-9999
2026-08-23,-9999
2026-08-23,-9999
2026-08-23,-9999
2026-08-23,3.330666482187478E-4
2026-08-23,-9999
2026-08-23,-9999
2026-08-23,-9999
2026-08-23,-9999
2026-08-23,-9999
2026-08-23,-9999
2026-08-23,-9999
2026-08-23,-9999
2026-08-23,-9999
2026-08-23,-9999
2026-08-23,-9999
2026-08-24,-9999
2026-08-24,-9999
2026-08-24,-9999
2026-08-24,-2.1509747602963943E-4
2026-08-24,-9999
2026-08-24,-9999
2026-08-24,-9999
2026-08-24,-9999
2026-08-24,-9999
2026-08-24,-9999
2026-08-24,-9999
2026-08-24,-9999
2026-08-24,-9999
2026-08-24,-9999
2026-08-25,-9999
2026-08-25,-9999
2026-08-25,-9999
2026-08-25,-6.536194123323807E-4
2026-08-25,-9999
2026-08-25,-9999
2026-08-25,-9999
2026-08-25,-9999
2026-08-25,-9999
2026-08-25,-9999
2026-08-25,-9999
2026-08-25,-9999
2026-08-25,-9999
2026-08-25,-9999
2026-08-26,-9999
2026-08-26,-9999
2026-08-26,-9999
2026-08-26,4.934813777927291E-4
2026-08-26,-9999
2026-08-26,-9999
2026-08-26,-9999
2026-08-26,-9999
2026-08-26,-9999
2026-08-26,-9999
2026-08-26,-9999
2026-08-26,-9999
2026-08-26,-9999
2026-08-26,-9999
2026-08-27,-9999
2026-08-27,-9999
2026-08-27,-9999
2026-08-27,1.0879208275576109E-4
2026-08-27,-9999
2026-08-27,-9999
2026-08-27,-9999
2026-08-27,-9999
2026-08-27,-9999
2026-08-27,-9999
2026-08-27,-9999
2026-08-27,-9999
2026-08-27,-9999
2026-08-27,-9999
2026-08-28,-9999
2026-08-28,-9999
2026-08-28,-9999
2026-08-28,-3.4250907764986913E-4
2026-08-28,-9999
2026-08-28,-9999
2026-08-28,-9999
2026-08-28,-9999
2026-08-28,-9999
2026-08-28,-9999
2026-08-28,-9999
2026-08-28,-9999
2026-08-28,-9999
2026-08-28,-9999
2026-08-28,-9999
2026-08-29,-9999
2026-08-29,-9999
2026-08-29,-9999
2026-08-29,6.744585116399399E-4
2026-08-29,-9999
2026-08-29,-9999
2026-08-29,-9999
2026-08-29,-9999
2026-08-29,-9999
2026-08-29,-9999
2026-08-29,-9999
2026-08-29,-9999
2026-08-29,-9999
2026-08-29,-9999
2026-08-30,-9999
2026-08-30,-9999
2026-08-30,-9999
2026-08-30,-1.8311734351387227E-4
2026-08-30,-9999
2026-08-30,-9999
2026-08-30,-9999
2026-08-30,-9999
2026-08-30,-9999
2026-08-30,-9999
2026-08-30,-9999
2026-08-30,-9999
2026-08-30,-9999
2026-08-30,-9999
