Tanggal,CO
2025-09-01,-9999
2025-09-01,-9999
2025-09-01,-9999
2025-09-01,0.02366855926810274
2025-09-01,-9999
2025-09-01,-9999
2025-09-01,-9999
2025-09-01,-9999
2025-09-01,-9999
2025-09-01,-9999
2025-09-01,-9999
2025-09-01,-9999
2025-09-01,-9999
2025-09-01,-9999
2025-09-02,-9999
2025-09-02,-9999
2025-09-02,-9999
2025-09-02,0.020387468859541097
2025-09-02,-9999
2025-09-02,-9999
2025-09-02,-9999
2025-09-02,-9999
2025-09-02,-9999
2025-09-02,-9999
2025-09-02,-9999
2025-09-02,-9999
2025-09-02,-9999
2025-09-02,-9999
2025-09-03,-9999
2025-09-03,-9999
2025-09-03,-9999
2025-09-03,0.021267491679369928
2025-09-03,-9999
2025-09-03,-9999
2025-09-03,-9999
2025-09-03,-9999
2025-09-03,-9999
2025-09-03,-9999
2025-09-03,-9999
2025-09-03,-9999
2025-09-03,-9999
2025-09-03,-9999
2025-09-04,-9999
2025-09-04,-9999
2025-09-04,-9999
2025-09-04,0.029989233240467185
2025-09-04,-9999
2025-09-04,-9999
2025-09-04,-9999
2025-09-04,-9999
2025-09-04,-9999
2025-09-04,-9999
2025-09-04,-9999
2025-09-04,-9999
2025-09-04,-9999
2025-09-04,-9999
2025-09-04,-9999
2025-09-05,-9999
2025-09-05,-9999
2025-09-05,-9999
2025-09-05,-9999
2025-09-05,-9999
2025-09-05,-9999
2025-09-05,-9999
2025-09-05,-9999
2025-09-05,-9999
2025-09-05,-9999
2025-09-05,-9999
2025-09-05,-9999
2025-09-05,-9999
2025-09-05,-9999
2025-09-06,-9999
2025-09-06,-9999
2025-09-06,-9999
2025-09-06,-9999
2025-09-06,-9999
2025-09-06,-9999
2025-09-06,-9999
2025-09-06,-9999
2025-09-06,-9999
2025-09-06,-9999
2025-09-06,-9999
2025-09-06,-9999
2025-09-06,-9999
2025-09-06,-9999
2025-09-07,-9999
2025-09-07,-9999
2025-09-07,-9999
2025-09-07,-9999
2025-09-07,-9999
2025-09-07,-9999
2025-09-07,-9999
2025-09-07,-9999
2025-09-07,-9999
2025-09-07,-9999
2025-09-07,-9999
2025-09-07,-9999
2025-09-07,-9999
2025-09-07,-9999
2025-09-08,-9999
2025-09-08,-9999
2025-09-08,-9999
2025-09-08,-9999
2025-09-08,-9999
2025-09-08,-9999
2025-09-08,-9999
2025-09-08,-9999
2025-09-08,-9999
2025-09-08,-9999
2025-09-08,-9999
2025-09-08,-9999
2025-09-08,-9999
2025-09-08,-9999
2025-09-09,-9999
2025-09-09,-9999
2025-09-09,-9999
2025-09-09,0.023121751744024057
2025-09-09,-9999
2025-09-09,-9999
2025-09-09,-9999
2025-09-09,-9999
2025-09-09,-9999
2025-09-09,-9999
2025-09-09,-9999
2025-09-09,-9999
2025-09-09,-9999
2025-09-09,-9999
2025-09-10,-9999
2025-09-10,-9999
2025-09-10,-9999
2025-09-10,-9999
2025-09-10,-9999
2025-09-10,-9999
2025-09-10,-9999
2025-09-10,-9999
2025-09-10,-9999
2025-09-10,-9999
2025-09-10,-9999
2025-09-10,-9999
2025-09-10,-9999
2025-09-10,-9999
2025-09-10,-9999
2025-09-11,-9999
2025-09-11,-9999
2025-09-11,-9999
2025-09-11,-9999
2025-09-11,-9999
2025-09-11,-9999
2025-09-11,-9999
2025-09-11,-9999
2025-09-11,-9999
2025-09-11,-9999
2025-09-11,-9999
2025-09-11,-9999
2025-09-11,-9999
2025-09-11,-9999
2025-09-12,-9999
2025-09-12,-9999
2025-09-12,-9999
2025-09-12,-9999
2025-09-12,-9999
2025-09-12,-9999
2025-09-12,-9999
2025-09-12,-9999
2025-09-12,-9999
2025-09-12,-9999
2025-09-12,-9999
2025-09-12,-9999
2025-09-12,-9999
2025-09-13,-9999
2025-09-13,-9999
2025-09-13,-9999
2025-09-13,0.024076478555784073
2025-09-13,-9999
2025-09-13,-9999
2025-09-13,-9999
2025-09-13,-9999
2025-09-13,-9999
2025-09-13,-9999
2025-09-13,-9999
2025-09-13,-9999
2025-09-13,-9999
2025-09-13,-9999
2025-09-14,-9999
2025-09-14,-9999
2025-09-14,-9999
2025-09-14,0.027413906529529325
2025-09-14,-9999
2025-09-14,-9999
2025-09-14,-9999
2025-09-14,-9999
2025-09-14,-9999
2025-09-14,-9999
2025-09-14,-9999
2025-09-14,-9999
2025-09-14,-9999
2025-09-14,-9999
2025-09-15,-9999
2025-09-15,-9999
2025-09-15,-9999
2025-09-15,0.02750606835115971
2025-09-15,-9999
2025-09-15,-9999
2025-09-15,-9999
2025-09-15,-9999
2025-09-15,-9999
2025-09-15,-9999
2025-09-15,-9999
2025-09-15,-9999
2025-09-15,-9999
2025-09-15,-9999
2025-09-15,-9999
2025-09-16,-9999
2025-09-16,-9999
2025-09-16,-9999
2025-09-16,-9999
2025-09-16,-9999
2025-09-16,-9999
2025-09-16,-9999
2025-09-16,-9999
2025-09-16,-9999
2025-09-16,-9999
2025-09-16,-9999
2025-09-16,-9999
2025-09-16,-9999
2025-09-16,-9999
2025-09-17,-9999
2025-09-17,-9999
2025-09-17,-9999
2025-09-17,-9999
2025-09-17,-9999
2025-09-17,-9999
2025-09-17,-9999
2025-09-17,-9999
2025-09-17,-9999
2025-09-17,-9999
2025-09-17,-9999
2025-09-17,-9999
2025-09-17,-9999
2025-09-17,-9999
2025-09-18,-9999
2025-09-18,-9999
2025-09-18,-9999
2025-09-18,-9999
2025-09-18,-9999
2025-09-18,-9999
2025-09-18,-9999
2025-09-18,-9999
2025-09-18,-9999
2025-09-18,-9999
2025-09-18,-9999
2025-09-18,-9999
2025-09-18,-9999
2025-09-18,-9999
2025-09-19,-9999
2025-09-19,-9999
2025-09-19,-9999
2025-09-19,0.02488644903913716
2025-09-19,-9999
2025-09-19,-9999
2025-09-19,-9999
2025-09-19,-9999
2025-09-19,-9999
2025-09-19,-9999
2025-09-19,-9999
2025-09-19,-9999
2025-09-19,-9999
2025-09-19,-9999
2025-09-20,-9999
2025-09-20,-9999
2025-09-20,-9999
2025-09-20,-9999
2025-09-20,-9999
2025-09-20,-9999
2025-09-20,-9999
2025-09-20,-9999
2025-09-20,-9999
2025-09-20,-9999
2025-09-20,-9999
2025-09-20,-9999
2025-09-20,-9999
2025-09-20,-9999
2025-09-20,-9999
2025-09-21,-9999
2025-09-21,-9999
2025-09-21,0.031621508300330364
2025-09-21,-9999
2025-09-21,-9999
2025-09-21,-9999
2025-09-21,-9999
2025-09-21,-9999
2025-09-21,-9999
2025-09-21,-9999
2025-09-21,-9999
2025-09-21,-9999
2025-09-21,-9999
2025-09-22,-9999
2025-09-22,-9999
2025-09-22,-9999
2025-09-22,-9999
2025-09-22,0.02853162959216312
2025-09-22,-9999
2025-09-22,-9999
2025-09-22,-9999
2025-09-22,-9999
2025-09-22,-9999
2025-09-22,-9999
2025-09-22,-9999
2025-09-22,-9999
2025-09-22,-9999
2025-09-22,-9999
2025-09-23,-9999
2025-09-23,-9999
2025-09-23,-9999
2025-09-23,0.03546065837142723
2025-09-23,-9999
2025-09-23,-9999
2025-09-23,-9999
2025-09-23,-9999
2025-09-23,-9999
2025-09-23,-9999
2025-09-23,-9999
2025-09-23,-9999
2025-09-23,-9999
2025-09-23,-9999
2025-09-24,-9999
2025-09-24,-9999
2025-09-24,-9999
2025-09-24,0.04465146362785189
2025-09-24,-9999
2025-09-24,-9999
2025-09-24,-9999
2025-09-24,-9999
2025-09-24,-9999
2025-09-24,-9999
2025-09-24,-9999
2025-09-24,-9999
2025-09-24,-9999
2025-09-24,-9999
2025-09-25,-9999
2025-09-25,-9999
2025-09-25,-9999
2025-09-25,0.03483113646510122
2025-09-25,-9999
2025-09-25,-9999
2025-09-25,-9999
2025-09-25,-9999
2025-09-25,-9999
2025-09-25,-9999
2025-09-25,-9999
2025-09-25,-9999
2025-09-25,-9999
2025-09-25,-9999
2025-09-26,-9999
2025-09-26,-9999
2025-09-26,-9999
2025-09-26,0.027639213949464593
2025-09-26,-9999
2025-09-26,-9999
2025-09-26,-9999
2025-09-26,-9999
2025-09-26,-9999
2025-09-26,-9999
2025-09-26,-9999
2025-09-26,-9999
2025-09-26,-9999
2025-09-26,-9999
2025-09-26,-9999
2025-09-27,-9999
2025-09-27,-9999
2025-09-27,-9999
2025-09-27,0.03665881231424992
2025-09-27,-9999
2025-09-27,-9999
2025-09-27,-9999
2025-09-27,-9999
2025-09-27,-9999
2025-09-27,-9999
2025-09-27,-9999
2025-09-27,-9999
2025-09-27,-9999
2025-09-27,-9999
2025-09-28,-9999
2025-09-28,-9999
2025-09-28,-9999
2025-09-28,0.029636312276149275
2025-09-28,-9999
2025-09-28,-9999
2025-09-28,-9999
2025-09-28,-9999
2025-09-28,-9999
2025-09-28,-9999
2025-09-28,-9999
2025-09-28,-9999
2025-09-28,-9999
2025-09-28,-9999
2025-09-29,-9999
2025-09-29,-9999
2025-09-29,-9999
2025-09-29,-9999
2025-09-29,-9999
2025-09-29,-9999
2025-09-29,-9999
2025-09-29,-9999
2025-09-29,-9999
2025-09-29,-9999
2025-09-29,-9999
2025-09-29,-9999
2025-09-29,-9999
2025-09-29,-9999
2025-09-30,-9999
2025-09-30,-9999
2025-09-30,-9999
2025-09-30,-9999
2025-09-30,-9999
2025-09-30,-9999
2025-09-30,-9999
2025-09-30,-9999
2025-09-30,-9999
2025-09-30,-9999
2025-09-30,-9999
2025-09-30,-9999
2025-09-30,-9999
2025-09-30,-9999
2025-10-01,-9999
2025-10-01,-9999
2025-10-01,-9999
2025-10-01,-9999
2025-10-01,-9999
2025-10-01,-9999
2025-10-01,-9999
2025-10-01,-9999
2025-10-01,-9999
2025-10-01,-9999
2025-10-01,-9999
2025-10-01,-9999
2025-10-01,-9999
2025-10-01,-9999
2025-10-01,-9999
2025-10-02,-9999
2025-10-02,-9999
2025-10-02,0.027245436438394853
2025-10-02,-9999
2025-10-02,-9999
2025-10-02,-9999
2025-10-02,-9999
2025-10-02,-9999
2025-10-02,-9999
2025-10-02,-9999
2025-10-02,-9999
2025-10-02,-9999
2025-10-02,-9999
2025-10-02,-9999
2025-10-03,-9999
2025-10-03,-9999
2025-10-03,-9999
2025-10-03,0.029117934405827578
2025-10-03,-9999
2025-10-03,-9999
2025-10-03,-9999
2025-10-03,-9999
2025-10-03,-9999
2025-10-03,-9999
2025-10-03,-9999
2025-10-03,-9999
2025-10-03,-9999
2025-10-03,-9999
2025-10-04,-9999
2025-10-04,-9999
2025-10-04,-9999
2025-10-04,0.031227508559848665
2025-10-04,-9999
2025-10-04,-9999
2025-10-04,-9999
2025-10-04,-9999
2025-10-04,-9999
2025-10-04,-9999
2025-10-04,-9999
2025-10-04,-9999
2025-10-04,-9999
2025-10-04,-9999
2025-10-05,-9999
2025-10-05,-9999
2025-10-05,-9999
2025-10-05,0.03357457171042695
2025-10-05,-9999
2025-10-05,-9999
2025-10-05,-9999
2025-10-05,-9999
2025-10-05,-9999
2025-10-05,-9999
2025-10-05,-9999
2025-10-05,-9999
2025-10-05,-9999
2025-10-05,-9999
2025-10-06,-9999
2025-10-06,-9999
2025-10-06,-9999
2025-10-06,0.027373848482949988
2025-10-06,-9999
2025-10-06,-9999
2025-10-06,-9999
2025-10-06,-9999
2025-10-06,-9999
2025-10-06,-9999
2025-10-06,-9999
2025-10-06,-9999
2025-10-06,-9999
2025-10-06,-9999
2025-10-06,-9999
2025-10-07,-9999
2025-10-07,-9999
2025-10-07,-9999
2025-10-07,-9999
2025-10-07,-9999
2025-10-07,-9999
2025-10-07,-9999
2025-10-07,-9999
2025-10-07,-9999
2025-10-07,-9999
2025-10-07,-9999
2025-10-07,-9999
2025-10-07,-9999
2025-10-07,-9999
2025-10-08,-9999
2025-10-08,-9999
2025-10-08,-9999
2025-10-08,0.03653066605332512
2025-10-08,-9999
2025-10-08,-9999
2025-10-08,-9999
2025-10-08,-9999
2025-10-08,-9999
2025-10-08,-9999
2025-10-08,-9999
2025-10-08,-9999
2025-10-08,-9999
2025-10-08,-9999
2025-10-09,-9999
2025-10-09,-9999
2025-10-09,-9999
2025-10-09,0.030704131545590166
2025-10-09,-9999
2025-10-09,-9999
2025-10-09,-9999
2025-10-09,-9999
2025-10-09,-9999
2025-10-09,-9999
2025-10-09,-9999
2025-10-09,-9999
2025-10-09,-9999
2025-10-09,-9999
2025-10-10,-9999
2025-10-10,-9999
2025-10-10,-9999
2025-10-10,0.03249842673542783
2025-10-10,-9999
2025-10-10,-9999
2025-10-10,-9999
2025-10-10,-9999
2025-10-10,-9999
2025-10-10,-9999
2025-10-10,-9999
2025-10-10,-9999
2025-10-10,-9999
2025-10-10,-9999
2025-10-11,-9999
2025-10-11,-9999
2025-10-11,-9999
2025-10-11,0.03356210887430083
2025-10-11,-9999
2025-10-11,-9999
2025-10-11,-9999
2025-10-11,-9999
2025-10-11,-9999
2025-10-11,-9999
2025-10-11,-9999
2025-10-11,-9999
2025-10-11,-9999
2025-10-11,-9999
2025-10-11,-9999
2025-10-12,-9999
2025-10-12,-9999
2025-10-12,0.029074445907157746
2025-10-12,-9999
2025-10-12,-9999
2025-10-12,-9999
2025-10-12,-9999
2025-10-12,-9999
2025-10-12,-9999
2025-10-12,-9999
2025-10-12,-9999
2025-10-12,-9999
2025-10-12,-9999
2025-10-12,-9999
2025-10-13,-9999
2025-10-13,-9999
2025-10-13,-9999
2025-10-13,-9999
2025-10-13,-9999
2025-10-13,-9999
2025-10-13,-9999
2025-10-13,-9999
2025-10-13,-9999
2025-10-13,-9999
2025-10-13,-9999
2025-10-13,-9999
2025-10-13,-9999
2025-10-13,-9999
2025-10-14,-9999
2025-10-14,-9999
2025-10-14,-9999
2025-10-14,0.03058224357667095
2025-10-14,-9999
2025-10-14,-9999
2025-10-14,-9999
2025-10-14,-9999
2025-10-14,-9999
2025-10-14,-9999
2025-10-14,-9999
2025-10-14,-9999
2025-10-14,-9999
2025-10-14,-9999
2025-10-15,-9999
2025-10-15,-9999
2025-10-15,-9999
2025-10-15,-9999
2025-10-15,-9999
2025-10-15,-9999
2025-10-15,-9999
2025-10-15,-9999
2025-10-15,-9999
2025-10-15,-9999
2025-10-15,-9999
2025-10-15,-9999
2025-10-15,-9999
2025-10-15,-9999
2025-10-16,-9999
2025-10-16,-9999
2025-10-16,-9999
2025-10-16,0.022282107404834973
2025-10-16,-9999
2025-10-16,-9999
2025-10-16,-9999
2025-10-16,-9999
2025-10-16,-9999
2025-10-16,-9999
2025-10-16,-9999
2025-10-16,-9999
2025-10-16,-9999
2025-10-16,-9999
2025-10-17,-9999
2025-10-17,-9999
2025-10-17,-9999
2025-10-17,0.02942268364129684
2025-10-17,-9999
2025-10-17,-9999
2025-10-17,-9999
2025-10-17,-9999
2025-10-17,-9999
2025-10-17,-9999
2025-10-17,-9999
2025-10-17,-9999
2025-10-17,-9999
2025-10-17,-9999
2025-10-17,-9999
2025-10-18,-9999
2025-10-18,-9999
2025-10-18,-9999
2025-10-18,-9999
2025-10-18,-9999
2025-10-18,-9999
2025-10-18,-9999
2025-10-18,-9999
2025-10-18,-9999
2025-10-18,-9999
2025-10-18,-9999
2025-10-18,-9999
2025-10-18,-9999
2025-10-18,-9999
2025-10-19,-9999
2025-10-19,-9999
2025-10-19,-9999
2025-10-19,0.033227942883948404
2025-10-19,-9999
2025-10-19,-9999
2025-10-19,-9999
2025-10-19,-9999
2025-10-19,-9999
2025-10-19,-9999
2025-10-19,-9999
2025-10-19,-9999
2025-10-19,-9999
2025-10-19,-9999
2025-10-20,-9999
2025-10-20,-9999
2025-10-20,-9999
2025-10-20,-9999
2025-10-20,-9999
2025-10-20,-9999
2025-10-20,-9999
2025-10-20,-9999
2025-10-20,-9999
2025-10-20,-9999
2025-10-20,-9999
2025-10-20,-9999
2025-10-20,-9999
2025-10-20,-9999
2025-10-21,-9999
2025-10-21,-9999
2025-10-21,-9999
2025-10-21,-9999
2025-10-21,-9999
2025-10-21,-9999
2025-10-21,-9999
2025-10-21,-9999
2025-10-21,-9999
2025-10-21,-9999
2025-10-21,-9999
2025-10-21,-9999
2025-10-21,-9999
2025-10-21,-9999
2025-10-22,-9999
2025-10-22,-9999
2025-10-22,-9999
2025-10-22,-9999
2025-10-22,-9999
2025-10-22,-9999
2025-10-22,-9999
2025-10-22,-9999
2025-10-22,-9999
2025-10-22,-9999
2025-10-22,-9999
2025-10-22,-9999
2025-10-22,-9999
2025-10-22,-9999
2025-10-23,-9999
2025-10-23,-9999
2025-10-23,-9999
2025-10-23,-9999
2025-10-23,-9999
2025-10-23,-9999
2025-10-23,-9999
2025-10-23,-9999
2025-10-23,-9999
2025-10-23,-9999
2025-10-23,-9999
2025-10-23,-9999
2025-10-23,-9999
2025-10-23,-9999
2025-10-24,-9999
2025-10-24,-9999
2025-10-24,-9999
2025-10-24,-9999
2025-10-24,-9999
2025-10-24,-9999
2025-10-24,-9999
2025-10-24,-9999
2025-10-24,-9999
2025-10-24,-9999
2025-10-24,-9999
2025-10-24,-9999
2025-10-24,-9999
2025-10-24,-9999
2025-10-25,-9999
2025-10-25,-9999
2025-10-25,-9999
2025-10-25,-9999
2025-10-25,-9999
2025-10-25,-9999
2025-10-25,-9999
2025-10-25,-9999
2025-10-25,-9999
2025-10-25,-9999
2025-10-25,-9999
2025-10-25,-9999
2025-10-25,-9999
2025-10-25,-9999
2025-10-26,-9999
2025-10-26,-9999
2025-10-26,-9999
2025-10-26,0.03028616681693166
2025-10-26,-9999
2025-10-26,-9999
2025-10-26,-9999
2025-10-26,-9999
2025-10-26,-9999
2025-10-26,-9999
2025-10-26,-9999
2025-10-26,-9999
2025-10-26,-9999
2025-10-26,-9999
2025-10-27,-9999
2025-10-27,-9999
2025-10-27,-9999
2025-10-27,-9999
2025-10-27,-9999
2025-10-27,-9999
2025-10-27,-9999
2025-10-27,-9999
2025-10-27,-9999
2025-10-27,-9999
2025-10-27,-9999
2025-10-27,-9999
2025-10-27,-9999
2025-10-27,-9999
2025-10-27,-9999
2025-10-28,-9999
2025-10-28,-9999
2025-10-28,-9999
2025-10-28,-9999
2025-10-28,-9999
2025-10-28,-9999
2025-10-28,-9999
2025-10-28,-9999
2025-10-28,-9999
2025-10-28,-9999
2025-10-28,-9999
2025-10-28,-9999
2025-10-28,-9999
2025-10-28,-9999
2025-10-29,-9999
2025-10-29,-9999
2025-10-29,-9999
2025-10-29,-9999
2025-10-29,-9999
2025-10-29,-9999
2025-10-29,-9999
2025-10-29,-9999
2025-10-29,-9999
2025-10-29,-9999
2025-10-29,-9999
2025-10-29,-9999
2025-10-29,-9999
2025-10-29,-9999
2025-10-30,-9999
2025-10-30,-9999
2025-10-30,-9999
2025-10-30,-9999
2025-10-30,-9999
2025-10-30,-9999
2025-10-30,-9999
2025-10-30,-9999
2025-10-30,-9999
2025-10-30,-9999
2025-10-30,-9999
2025-10-30,-9999
2025-10-30,-9999
2025-10-30,-9999
2025-10-31,-9999
2025-10-31,-9999
2025-10-31,-9999
2025-10-31,-9999
2025-10-31,-9999
2025-10-31,-9999
2025-10-31,-9999
2025-10-31,-9999
2025-10-31,-9999
2025-10-31,-9999
2025-10-31,-9999
2025-10-31,-9999
2025-10-31,-9999
2025-10-31,-9999
2025-11-01,-9999
2025-11-01,-9999
2025-11-01,-9999
2025-11-01,-9999
2025-11-01,-9999
2025-11-01,-9999
2025-11-01,-9999
2025-11-01,-9999
2025-11-01,-9999
2025-11-01,-9999
2025-11-01,-9999
2025-11-01,-9999
2025-11-01,-9999
2025-11-01,-9999
2025-11-02,-9999
2025-11-02,-9999
2025-11-02,-9999
2025-11-02,-9999
2025-11-02,-9999
2025-11-02,-9999
2025-11-02,-9999
2025-11-02,-9999
2025-11-02,-9999
2025-11-02,-9999
2025-11-02,-9999
2025-11-02,-9999
2025-11-02,-9999
2025-11-02,-9999
2025-11-02,-9999
2025-11-03,-9999
2025-11-03,-9999
2025-11-03,-9999
2025-11-03,-9999
2025-11-03,-9999
2025-11-03,-9999
2025-11-03,-9999
2025-11-03,-9999
2025-11-03,-9999
2025-11-03,-9999
2025-11-03,-9999
2025-11-03,-9999
2025-11-03,-9999
2025-11-03,-9999
2025-11-04,-9999
2025-11-04,-9999
2025-11-04,-9999
2025-11-04,-9999
2025-11-04,-9999
2025-11-04,-9999
2025-11-04,-9999
2025-11-04,-9999
2025-11-04,-9999
2025-11-04,-9999
2025-11-04,-9999
2025-11-04,-9999
2025-11-04,-9999
2025-11-05,-9999
2025-11-05,-9999
2025-11-05,-9999
2025-11-05,-9999
2025-11-05,-9999
2025-11-05,-9999
2025-11-05,-9999
2025-11-05,-9999
2025-11-05,-9999
2025-11-05,-9999
2025-11-05,-9999
2025-11-05,-9999
2025-11-05,-9999
2025-11-05,-9999
2025-11-06,-9999
2025-11-06,-9999
2025-11-06,-9999
2025-11-06,0.028505166992528013
2025-11-06,-9999
2025-11-06,-9999
2025-11-06,-9999
2025-11-06,-9999
2025-11-06,-9999
2025-11-06,-9999
2025-11-06,-9999
2025-11-06,-9999
2025-11-06,-9999
2025-11-06,-9999
2025-11-07,-9999
2025-11-07,-9999
2025-11-07,-9999
2025-11-07,-9999
2025-11-07,-9999
2025-11-07,-9999
2025-11-07,-9999
2025-11-07,-9999
2025-11-07,-9999
2025-11-07,-9999
2025-11-07,-9999
2025-11-07,-9999
2025-11-07,-9999
2025-11-07,-9999
2025-11-07,-9999
2025-11-08,-9999
2025-11-08,-9999
2025-11-08,-9999
2025-11-08,-9999
2025-11-08,-9999
2025-11-08,-9999
2025-11-08,-9999
2025-11-08,-9999
2025-11-08,-9999
2025-11-08,-9999
2025-11-08,-9999
2025-11-08,-9999
2025-11-08,-9999
2025-11-08,-9999
2025-11-09,-9999
2025-11-09,-9999
2025-11-09,-9999
2025-11-09,-9999
2025-11-09,-9999
2025-11-09,-9999
2025-11-09,-9999
2025-11-09,-9999
2025-11-09,-9999
2025-11-09,-9999
2025-11-09,-9999
2025-11-09,-9999
2025-11-09,-9999
2025-11-09,-9999
2025-11-10,-9999
2025-11-10,-9999
2025-11-10,-9999
2025-11-10,-9999
2025-11-10,-9999
2025-11-10,-9999
2025-11-10,-9999
2025-11-10,-9999
2025-11-10,-9999
2025-11-10,-9999
2025-11-10,-9999
2025-11-10,-9999
2025-11-10,-9999
2025-11-10,-9999
2025-11-11,-9999
2025-11-11,-9999
2025-11-11,-9999
2025-11-11,-9999
2025-11-11,-9999
2025-11-11,-9999
2025-11-11,-9999
2025-11-11,-9999
2025-11-11,-9999
2025-11-11,-9999
2025-11-11,-9999
2025-11-11,-9999
2025-11-11,-9999
2025-11-11,-9999
2025-11-12,-9999
2025-11-12,-9999
2025-11-12,-9999
2025-11-12,-9999
2025-11-12,-9999
2025-11-12,-9999
2025-11-12,-9999
2025-11-12,-9999
2025-11-12,-9999
2025-11-12,-9999
2025-11-12,-9999
2025-11-12,-9999
2025-11-12,-9999
2025-11-13,-9999
2025-11-13,-9999
2025-11-13,-9999
2025-11-13,-9999
2025-11-13,-9999
2025-11-13,-9999
2025-11-13,-9999
2025-11-13,-9999
2025-11-13,-9999
2025-11-13,-9999
2025-11-13,-9999
2025-11-13,-9999
2025-11-13,-9999
2025-11-13,-9999
2025-11-14,-9999
2025-11-14,-9999
2025-11-14,-9999
2025-11-14,-9999
2025-11-14,-9999
2025-11-14,-9999
2025-11-14,-9999
2025-11-14,-9999
2025-11-14,-9999
2025-11-14,-9999
2025-11-14,-9999
2025-11-14,-9999
2025-11-14,-9999
2025-11-15,-9999
2025-11-15,-9999
2025-11-15,-9999
2025-11-15,-9999
2025-11-15,-9999
2025-11-15,-9999
2025-11-15,-9999
2025-11-15,-9999
2025-11-15,-9999
2025-11-15,-9999
2025-11-15,-9999
2025-11-15,-9999
2025-11-15,-9999
2025-11-15,-9999
2025-11-16,-9999
2025-11-16,-9999
2025-11-16,-9999
2025-11-16,-9999
2025-11-16,-9999
2025-11-16,-9999
2025-11-16,-9999
2025-11-16,-9999
2025-11-16,-9999
2025-11-16,-9999
2025-11-16,-9999
2025-11-16,-9999
2025-11-16,-9999
2025-11-16,-9999
2025-11-17,-9999
2025-11-17,-9999
2025-11-17,-9999
2025-11-17,-9999
2025-11-17,-9999
2025-11-17,-9999
2025-11-17,-9999
2025-11-17,-9999
2025-11-17,-9999
2025-11-17,-9999
2025-11-17,-9999
2025-11-17,-9999
2025-11-17,-9999
2025-11-17,-9999
2025-11-18,-9999
2025-11-18,-9999
2025-11-18,-9999
2025-11-18,-9999
2025-11-18,-9999
2025-11-18,-9999
2025-11-18,-9999
2025-11-18,-9999
2025-11-18,-9999
2025-11-18,-9999
2025-11-18,-9999
2025-11-18,-9999
2025-11-18,-9999
2025-11-18,-9999
2025-11-18,-9999
2025-11-19,-9999
2025-11-19,-9999
2025-11-19,-9999
2025-11-19,-9999
2025-11-19,-9999
2025-11-19,-9999
2025-11-19,-9999
2025-11-19,-9999
2025-11-19,-9999
2025-11-19,-9999
2025-11-19,-9999
2025-11-19,-9999
2025-11-19,-9999
2025-11-19,-9999
2025-11-20,-9999
2025-11-20,-9999
2025-11-20,-9999
2025-11-20,-9999
2025-11-20,-9999
2025-11-20,-9999
2025-11-20,-9999
2025-11-20,-9999
2025-11-20,-9999
2025-11-20,-9999
2025-11-20,-9999
2025-11-20,-9999
2025-11-20,-9999
2025-11-20,-9999
2025-11-21,-9999
2025-11-21,-9999
2025-11-21,-9999
2025-11-21,0.02760579123099845
2025-11-21,-9999
2025-11-21,-9999
2025-11-21,-9999
2025-11-21,-9999
2025-11-21,-9999
2025-11-21,-9999
2025-11-21,-9999
2025-11-21,-9999
2025-11-21,-9999
2025-11-21,-9999
2025-11-22,-9999
2025-11-22,-9999
2025-11-22,-9999
2025-11-22,-9999
2025-11-22,-9999
2025-11-22,-9999
2025-11-22,-9999
2025-11-22,-9999
2025-11-22,-9999
2025-11-22,-9999
2025-11-22,-9999
2025-11-22,-9999
2025-11-22,-9999
2025-11-22,-9999
2025-11-23,-9999
2025-11-23,-9999
2025-11-23,-9999
2025-11-23,0.032139493671521094
2025-11-23,-9999
2025-11-23,-9999
2025-11-23,-9999
2025-11-23,-9999
2025-11-23,-9999
2025-11-23,-9999
2025-11-23,-9999
2025-11-23,-9999
2025-11-23,-9999
2025-11-23,-9999
2025-11-23,-9999
2025-11-24,-9999
2025-11-24,-9999
2025-11-24,-9999
2025-11-24,-9999
2025-11-24,-9999
2025-11-24,-9999
2025-11-24,-9999
2025-11-24,-9999
2025-11-24,-9999
2025-11-24,-9999
2025-11-24,-9999
2025-11-24,-9999
2025-11-24,-9999
2025-11-24,-9999
2025-11-25,-9999
2025-11-25,-9999
2025-11-25,-9999
2025-11-25,0.029944935813528202
2025-11-25,-9999
2025-11-25,-9999
2025-11-25,-9999
2025-11-25,-9999
2025-11-25,-9999
2025-11-25,-9999
2025-11-25,-9999
2025-11-25,-9999
2025-11-25,-9999
2025-11-25,-9999
2025-11-26,-9999
2025-11-26,-9999
2025-11-26,-9999
2025-11-26,0.027523042634113
2025-11-26,-9999
2025-11-26,-9999
2025-11-26,-9999
2025-11-26,-9999
2025-11-26,-9999
2025-11-26,-9999
2025-11-26,-9999
2025-11-26,-9999
2025-11-26,-9999
2025-11-26,-9999
2025-11-27,-9999
2025-11-27,-9999
2025-11-27,-9999
2025-11-27,-9999
2025-11-27,-9999
2025-11-27,-9999
2025-11-27,-9999
2025-11-27,-9999
2025-11-27,-9999
2025-11-27,-9999
2025-11-27,-9999
2025-11-27,-9999
2025-11-27,-9999
2025-11-27,-9999
2025-11-28,-9999
2025-11-28,-9999
2025-11-28,-9999
2025-11-28,-9999
2025-11-28,-9999
2025-11-28,-9999
2025-11-28,-9999
2025-11-28,-9999
2025-11-28,-9999
2025-11-28,-9999
2025-11-28,-9999
2025-11-28,-9999
2025-11-28,-9999
2025-11-28,-9999
2025-11-28,-9999
2025-11-29,-9999
2025-11-29,-9999
2025-11-29,-9999
2025-11-29,-9999
2025-11-29,-9999
2025-11-29,-9999
2025-11-29,-9999
2025-11-29,-9999
2025-11-29,-9999
2025-11-29,-9999
2025-11-29,-9999
2025-11-29,-9999
2025-11-30,-9999
2025-11-30,-9999
2025-11-30,-9999
2025-11-30,-9999
2025-11-30,-9999
2025-11-30,-9999
2025-11-30,-9999
2025-11-30,-9999
2025-11-30,-9999
2025-11-30,-9999
2025-11-30,-9999
2025-11-30,-9999
2025-11-30,-9999
2025-11-30,-9999
2025-12-01,-9999
2025-12-01,-9999
2025-12-01,-9999
2025-12-01,0.03408353030679564
2025-12-01,-9999
2025-12-01,-9999
2025-12-01,-9999
2025-12-01,-9999
2025-12-01,-9999
2025-12-01,-9999
2025-12-01,-9999
2025-12-01,-9999
2025-12-01,-9999
2025-12-01,-9999
2025-12-02,-9999
2025-12-02,-9999
2025-12-02,-9999
2025-12-02,-9999
2025-12-02,-9999
2025-12-02,-9999
2025-12-02,-9999
2025-12-02,-9999
2025-12-02,-9999
2025-12-02,-9999
2025-12-02,-9999
2025-12-02,-9999
2025-12-02,-9999
2025-12-02,-9999
2025-12-03,-9999
2025-12-03,-9999
2025-12-03,-9999
2025-12-03,-9999
2025-12-03,-9999
2025-12-03,-9999
2025-12-03,-9999
2025-12-03,-9999
2025-12-03,-9999
2025-12-03,-9999
2025-12-03,-9999
2025-12-03,-9999
2025-12-03,-9999
2025-12-04,-9999
2025-12-04,-9999
2025-12-04,-9999
2025-12-04,-9999
2025-12-04,-9999
2025-12-04,-9999
2025-12-04,-9999
2025-12-04,-9999
2025-12-04,-9999
2025-12-04,-9999
2025-12-04,-9999
2025-12-04,-9999
2025-12-04,-9999
2025-12-04,-9999
2025-12-04,-9999
2025-12-05,-9999
2025-12-05,-9999
2025-12-05,-9999
2025-12-05,-9999
2025-12-05,-9999
2025-12-05,-9999
2025-12-05,-9999
2025-12-05,-9999
2025-12-05,-9999
2025-12-05,-9999
2025-12-05,-9999
2025-12-05,-9999
2025-12-05,-9999
2025-12-05,-9999
2025-12-06,-9999
2025-12-06,-9999
2025-12-06,-9999
2025-12-06,-9999
2025-12-06,-9999
2025-12-06,-9999
2025-12-06,-9999
2025-12-06,-9999
2025-12-06,-9999
2025-12-06,-9999
2025-12-06,-9999
2025-12-06,-9999
2025-12-06,-9999
2025-12-07,-9999
2025-12-07,-9999
2025-12-07,-9999
2025-12-07,0.034044377505758824
2025-12-07,-9999
2025-12-07,-9999
2025-12-07,-9999
2025-12-07,-9999
2025-12-07,-9999
2025-12-07,-9999
2025-12-07,-9999
2025-12-07,-9999
2025-12-07,-9999
2025-12-07,-9999
2025-12-08,-9999
2025-12-08,-9999
2025-12-08,-9999
2025-12-08,0.02259918109064793
2025-12-08,-9999
2025-12-08,-9999
2025-12-08,-9999
2025-12-08,-9999
2025-12-08,-9999
2025-12-08,-9999
2025-12-08,-9999
2025-12-08,-9999
2025-12-08,-9999
2025-12-08,-9999
2025-12-09,-9999
2025-12-09,-9999
2025-12-09,-9999
2025-12-09,-9999
2025-12-09,-9999
2025-12-09,-9999
2025-12-09,-9999
2025-12-09,-9999
2025-12-09,-9999
2025-12-09,-9999
2025-12-09,-9999
2025-12-09,-9999
2025-12-09,-9999
2025-12-09,-9999
2025-12-09,-9999
2025-12-10,-9999
2025-12-10,-9999
2025-12-10,0.03429122269151536
2025-12-10,-9999
2025-12-10,-9999
2025-12-10,-9999
2025-12-10,-9999
2025-12-10,-9999
2025-12-10,-9999
2025-12-10,-9999
2025-12-10,-9999
2025-12-10,-9999
2025-12-10,-9999
2025-12-10,-9999
2025-12-11,-9999
2025-12-11,-9999
2025-12-11,-9999
2025-12-11,0.029489623382669864
2025-12-11,-9999
2025-12-11,-9999
2025-12-11,-9999
2025-12-11,-9999
2025-12-11,-9999
2025-12-11,-9999
2025-12-11,-9999
2025-12-11,-9999
2025-12-11,-9999
2025-12-11,-9999
2025-12-12,-9999
2025-12-12,-9999
2025-12-12,-9999
2025-12-12,0.033088881747840033
2025-12-12,-9999
2025-12-12,-9999
2025-12-12,-9999
2025-12-12,-9999
2025-12-12,-9999
2025-12-12,-9999
2025-12-12,-9999
2025-12-12,-9999
2025-12-12,-9999
2025-12-12,-9999
2025-12-13,-9999
2025-12-13,-9999
2025-12-13,-9999
2025-12-13,-9999
2025-12-13,-9999
2025-12-13,-9999
2025-12-13,-9999
2025-12-13,-9999
2025-12-13,-9999
2025-12-13,-9999
2025-12-13,-9999
2025-12-13,-9999
2025-12-13,-9999
2025-12-13,-9999
2025-12-14,-9999
2025-12-14,-9999
2025-12-14,-9999
2025-12-14,-9999
2025-12-14,-9999
2025-12-14,-9999
2025-12-14,-9999
2025-12-14,-9999
2025-12-14,-9999
2025-12-14,-9999
2025-12-14,-9999
2025-12-14,-9999
2025-12-14,-9999
2025-12-14,-9999
2025-12-14,-9999
2025-12-15,-9999
2025-12-15,-9999
2025-12-15,0.027581177941426425
2025-12-15,-9999
2025-12-15,-9999
2025-12-15,-9999
2025-12-15,-9999
2025-12-15,-9999
2025-12-15,-9999
2025-12-15,-9999
2025-12-15,-9999
2025-12-15,-9999
2025-12-15,-9999
2025-12-15,-9999
2025-12-16,-9999
2025-12-16,-9999
2025-12-16,-9999
2025-12-16,-9999
2025-12-16,-9999
2025-12-16,-9999
2025-12-16,-9999
2025-12-16,-9999
2025-12-16,-9999
2025-12-16,-9999
2025-12-16,-9999
2025-12-16,-9999
2025-12-16,-9999
2025-12-16,-9999
2025-12-17,-9999
2025-12-17,-9999
2025-12-17,-9999
2025-12-17,0.028349915519339706
2025-12-17,-9999
2025-12-17,-9999
2025-12-17,-9999
2025-12-17,-9999
2025-12-17,-9999
2025-12-17,-9999
2025-12-17,-9999
2025-12-17,-9999
2025-12-17,-9999
2025-12-17,-9999
2025-12-18,-9999
2025-12-18,-9999
2025-12-18,-9999
2025-12-18,-9999
2025-12-18,-9999
2025-12-18,-9999
2025-12-18,-9999
2025-12-18,-9999
2025-12-18,-9999
2025-12-18,-9999
2025-12-18,-9999
2025-12-18,-9999
2025-12-18,-9999
2025-12-18,-9999
2025-12-19,-9999
2025-12-19,-9999
2025-12-19,-9999
2025-12-19,-9999
2025-12-19,-9999
2025-12-19,-9999
2025-12-19,-9999
2025-12-19,-9999
2025-12-19,-9999
2025-12-19,-9999
2025-12-19,-9999
2025-12-19,-9999
2025-12-19,-9999
2025-12-19,-9999
2025-12-20,-9999
2025-12-20,-9999
2025-12-20,-9999
2025-12-20,-9999
2025-12-20,-9999
2025-12-20,-9999
2025-12-20,-9999
2025-12-20,-9999
2025-12-20,-9999
2025-12-20,-9999
2025-12-20,-9999
2025-12-20,-9999
2025-12-20,-9999
2025-12-20,-9999
2025-12-20,-9999
2025-12-21,-9999
2025-12-21,-9999
2025-12-21,0.023284379385870156
2025-12-21,-9999
2025-12-21,-9999
2025-12-21,-9999
2025-12-21,-9999
2025-12-21,-9999
2025-12-21,-9999
2025-12-21,-9999
2025-12-21,-9999
2025-12-21,-9999
2025-12-21,-9999
2025-12-21,-9999
2025-12-22,-9999
2025-12-22,-9999
2025-12-22,-9999
2025-12-22,0.024365290999397906
2025-12-22,-9999
2025-12-22,-9999
2025-12-22,-9999
2025-12-22,-9999
2025-12-22,-9999
2025-12-22,-9999
2025-12-22,-9999
2025-12-22,-9999
2025-12-22,-9999
2025-12-22,-9999
2025-12-23,-9999
2025-12-23,-9999
2025-12-23,-9999
2025-12-23,0.031174694100696048
2025-12-23,-9999
2025-12-23,-9999
2025-12-23,-9999
2025-12-23,-9999
2025-12-23,-9999
2025-12-23,-9999
2025-12-23,-9999
2025-12-23,-9999
2025-12-23,-9999
2025-12-23,-9999
2025-12-24,-9999
2025-12-24,-9999
2025-12-24,-9999
2025-12-24,0.020132461562740636
2025-12-24,-9999
2025-12-24,-9999
2025-12-24,-9999
2025-12-24,-9999
2025-12-24,-9999
2025-12-24,-9999
2025-12-24,-9999
2025-12-24,-9999
2025-12-24,-9999
2025-12-24,-9999
2025-12-25,-9999
2025-12-25,-9999
2025-12-25,-9999
2025-12-25,0.028777016286166884
2025-12-25,-9999
2025-12-25,-9999
2025-12-25,-9999
2025-12-25,-9999
2025-12-25,-9999
2025-12-25,-9999
2025-12-25,-9999
2025-12-25,-9999
2025-12-25,-9999
2025-12-25,-9999
2025-12-25,-9999
2025-12-26,-9999
2025-12-26,-9999
2025-12-26,-9999
2025-12-26,-9999
2025-12-26,-9999
2025-12-26,-9999
2025-12-26,-9999
2025-12-26,-9999
2025-12-26,-9999
2025-12-26,-9999
2025-12-26,-9999
2025-12-26,-9999
2025-12-26,-9999
2025-12-26,-9999
2025-12-27,-9999
2025-12-27,-9999
2025-12-27,-9999
2025-12-27,-9999
2025-12-27,-9999
2025-12-27,-9999
2025-12-27,-9999
2025-12-27,-9999
2025-12-27,-9999
2025-12-27,-9999
2025-12-27,-9999
2025-12-27,-9999
2025-12-27,-9999
2025-12-27,-9999
2025-12-28,-9999
2025-12-28,-9999
2025-12-28,-9999
2025-12-28,-9999
2025-12-28,-9999
2025-12-28,-9999
2025-12-28,-9999
2025-12-28,-9999
2025-12-28,-9999
2025-12-28,-9999
2025-12-28,-9999
2025-12-28,-9999
2025-12-28,-9999
2025-12-28,-9999
2025-12-29,-9999
2025-12-29,-9999
2025-12-29,-9999
2025-12-29,-9999
2025-12-29,-9999
2025-12-29,-9999
2025-12-29,-9999
2025-12-29,-9999
2025-12-29,-9999
2025-12-29,-9999
2025-12-29,-9999
2025-12-29,-9999
2025-12-29,-9999
2025-12-29,-9999
2025-12-30,-9999
2025-12-30,-9999
2025-12-30,-9999
2025-12-30,-9999
2025-12-30,-9999
2025-12-30,-9999
2025-12-30,-9999
2025-12-30,-9999
2025-12-30,-9999
2025-12-30,-9999
2025-12-30,-9999
2025-12-30,-9999
2025-12-30,-9999
2025-12-30,-9999
2025-12-30,-9999
2025-12-31,-9999
2025-12-31,-9999
2025-12-31,-9999
2025-12-31,-9999
2025-12-31,-9999
2025-12-31,-9999
2025-12-31,-9999
2025-12-31,-9999
2025-12-31,-9999
2025-12-31,-9999
2025-12-31,-9999
2025-12-31,-9999
2025-12-31,-9999
2025-12-31,-9999
2026-01-01,-9999
2026-01-01,-9999
2026-01-01,-9999
2026-01-01,-9999
2026-01-01,-9999
2026-01-01,-9999
2026-01-01,-9999
2026-01-01,-9999
2026-01-01,-9999
2026-01-01,-9999
2026-01-01,-9999
2026-01-01,-9999
2026-01-01,-9999
2026-01-01,-9999
2026-01-02,-9999
2026-01-02,-9999
2026-01-02,-9999
2026-01-02,-9999
2026-01-02,-9999
2026-01-02,-9999
2026-01-02,-9999
2026-01-02,-9999
2026-01-02,-9999
2026-01-02,-9999
2026-01-02,-9999
2026-01-02,-9999
2026-01-02,-9999
2026-01-02,-9999
2026-01-03,-9999
2026-01-03,-9999
2026-01-03,-9999
2026-01-03,0.02846184000371178
2026-01-03,-9999
2026-01-03,-9999
2026-01-03,-9999
2026-01-03,-9999
2026-01-03,-9999
2026-01-03,-9999
2026-01-03,-9999
2026-01-03,-9999
2026-01-03,-9999
2026-01-03,-9999
2026-01-04,-9999
2026-01-04,-9999
2026-01-04,-9999
2026-01-04,-9999
2026-01-04,-9999
2026-01-04,-9999
2026-01-04,-9999
2026-01-04,-9999
2026-01-04,-9999
2026-01-04,-9999
2026-01-04,-9999
2026-01-04,-9999
2026-01-04,-9999
2026-01-04,-9999
2026-01-05,-9999
2026-01-05,-9999
2026-01-05,-9999
2026-01-05,-9999
2026-01-05,-9999
2026-01-05,-9999
2026-01-05,-9999
2026-01-05,-9999
2026-01-05,-9999
2026-01-05,-9999
2026-01-05,-9999
2026-01-05,-9999
2026-01-05,-9999
2026-01-05,-9999
2026-01-05,-9999
2026-01-06,-9999
2026-01-06,-9999
2026-01-06,-9999
2026-01-06,-9999
2026-01-06,-9999
2026-01-06,-9999
2026-01-06,-9999
2026-01-06,-9999
2026-01-06,-9999
2026-01-06,-9999
2026-01-06,-9999
2026-01-06,-9999
2026-01-06,-9999
2026-01-06,-9999
2026-01-07,-9999
2026-01-07,-9999
2026-01-07,-9999
2026-01-07,-9999
2026-01-07,-9999
2026-01-07,-9999
2026-01-07,-9999
2026-01-07,-9999
2026-01-07,-9999
2026-01-07,-9999
2026-01-07,-9999
2026-01-07,-9999
2026-01-07,-9999
2026-01-07,-9999
2026-01-08,-9999
2026-01-08,-9999
2026-01-08,-9999
2026-01-08,0.030165521009553133
2026-01-08,-9999
2026-01-08,-9999
2026-01-08,-9999
2026-01-08,-9999
2026-01-08,-9999
2026-01-08,-9999
2026-01-08,-9999
2026-01-08,-9999
2026-01-08,-9999
2026-01-08,-9999
2026-01-09,-9999
2026-01-09,-9999
2026-01-09,-9999
2026-01-09,-9999
2026-01-09,-9999
2026-01-09,-9999
2026-01-09,-9999
2026-01-09,-9999
2026-01-09,-9999
2026-01-09,-9999
2026-01-09,-9999
2026-01-09,-9999
2026-01-09,-9999
2026-01-09,-9999
2026-01-10,-9999
2026-01-10,-9999
2026-01-10,-9999
2026-01-10,-9999
2026-01-10,-9999
2026-01-10,-9999
2026-01-10,-9999
2026-01-10,-9999
2026-01-10,-9999
2026-01-10,-9999
2026-01-10,-9999
2026-01-10,-9999
2026-01-10,-9999
2026-01-10,-9999
2026-01-10,-9999
2026-01-11,-9999
2026-01-11,-9999
2026-01-11,-9999
2026-01-11,-9999
2026-01-11,-9999
2026-01-11,-9999
2026-01-11,-9999
2026-01-11,-9999
2026-01-11,-9999
2026-01-11,-9999
2026-01-11,-9999
2026-01-11,-9999
2026-01-11,-9999
2026-01-11,-9999
2026-01-12,-9999
2026-01-12,-9999
2026-01-12,-9999
2026-01-12,-9999
2026-01-12,-9999
2026-01-12,-9999
2026-01-12,-9999
2026-01-12,-9999
2026-01-12,-9999
2026-01-12,-9999
2026-01-12,-9999
2026-01-12,-9999
2026-01-12,-9999
2026-01-12,-9999
2026-01-13,-9999
2026-01-13,-9999
2026-01-13,-9999
2026-01-13,-9999
2026-01-13,-9999
2026-01-13,-9999
2026-01-13,-9999
2026-01-13,-9999
2026-01-13,-9999
2026-01-13,-9999
2026-01-13,-9999
2026-01-13,-9999
2026-01-13,-9999
2026-01-13,-9999
2026-01-14,-9999
2026-01-14,-9999
2026-01-14,-9999
2026-01-14,0.02241497210322257
2026-01-14,-9999
2026-01-14,-9999
2026-01-14,-9999
2026-01-14,-9999
2026-01-14,-9999
2026-01-14,-9999
2026-01-14,-9999
2026-01-14,-9999
2026-01-14,-9999
2026-01-14,-9999
2026-01-15,-9999
2026-01-15,-9999
2026-01-15,-9999
2026-01-15,-9999
2026-01-15,-9999
2026-01-15,-9999
2026-01-15,-9999
2026-01-15,-9999
2026-01-15,-9999
2026-01-15,-9999
2026-01-15,-9999
2026-01-15,-9999
2026-01-15,-9999
2026-01-15,-9999
2026-01-15,-9999
2026-01-16,-9999
2026-01-16,-9999
2026-01-16,-9999
2026-01-16,-9999
2026-01-16,-9999
2026-01-16,-9999
2026-01-16,-9999
2026-01-16,-9999
2026-01-16,-9999
2026-01-16,-9999
2026-01-16,-9999
2026-01-16,-9999
2026-01-16,-9999
2026-01-16,-9999
2026-01-17,-9999
2026-01-17,-9999
2026-01-17,-9999
2026-01-17,-9999
2026-01-17,-9999
2026-01-17,-9999
2026-01-17,-9999
2026-01-17,-9999
2026-01-17,-9999
2026-01-17,-9999
2026-01-17,-9999
2026-01-17,-9999
2026-01-17,-9999
2026-01-17,-9999
2026-01-18,-9999
2026-01-18,-9999
2026-01-18,-9999
2026-01-18,-9999
2026-01-18,-9999
2026-01-18,-9999
2026-01-18,-9999
2026-01-18,-9999
2026-01-18,-9999
2026-01-18,-9999
2026-01-18,-9999
2026-01-18,-9999
2026-01-18,-9999
2026-01-18,-9999
2026-01-19,-9999
2026-01-19,-9999
2026-01-19,-9999
2026-01-19,0.027245271246659507
2026-01-19,-9999
2026-01-19,-9999
2026-01-19,-9999
2026-01-19,-9999
2026-01-19,-9999
2026-01-19,-9999
2026-01-19,-9999
2026-01-19,-9999
2026-01-19,-9999
2026-01-19,-9999
2026-01-20,-9999
2026-01-20,-9999
2026-01-20,-9999
2026-01-20,0.0226724786402356
2026-01-20,-9999
2026-01-20,-9999
2026-01-20,-9999
2026-01-20,-9999
2026-01-20,-9999
2026-01-20,-9999
2026-01-20,-9999
2026-01-20,-9999
2026-01-20,-9999
2026-01-20,-9999
2026-01-21,-9999
2026-01-21,-9999
2026-01-21,-9999
2026-01-21,0.026514200493677434
2026-01-21,-9999
2026-01-21,-9999
2026-01-21,-9999
2026-01-21,-9999
2026-01-21,-9999
2026-01-21,-9999
2026-01-21,-9999
2026-01-21,-9999
2026-01-21,-9999
2026-01-21,-9999
2026-01-21,-9999
2026-01-22,-9999
2026-01-22,-9999
2026-01-22,-9999
2026-01-22,-9999
2026-01-22,-9999
2026-01-22,-9999
2026-01-22,-9999
2026-01-22,-9999
2026-01-22,-9999
2026-01-22,-9999
2026-01-22,-9999
2026-01-22,-9999
2026-01-22,-9999
2026-01-22,-9999
2026-01-23,-9999
2026-01-23,-9999
2026-01-23,-9999
2026-01-23,-9999
2026-01-23,-9999
2026-01-23,-9999
2026-01-23,-9999
2026-01-23,-9999
2026-01-23,-9999
2026-01-23,-9999
2026-01-23,-9999
2026-01-23,-9999
2026-01-23,-9999
2026-01-23,-9999
2026-01-24,-9999
2026-01-24,-9999
2026-01-24,-9999
2026-01-24,0.03022739477453801
2026-01-24,-9999
2026-01-24,-9999
2026-01-24,-9999
2026-01-24,-9999
2026-01-24,-9999
2026-01-24,-9999
2026-01-24,-9999
2026-01-24,-9999
2026-01-24,-9999
2026-01-24,-9999
2026-01-25,-9999
2026-01-25,-9999
2026-01-25,-9999
2026-01-25,0.029098816215974502
2026-01-25,-9999
2026-01-25,-9999
2026-01-25,-9999
2026-01-25,-9999
2026-01-25,-9999
2026-01-25,-9999
2026-01-25,-9999
2026-01-25,-9999
2026-01-25,-9999
2026-01-25,-9999
2026-01-26,-9999
2026-01-26,-9999
2026-01-26,-9999
2026-01-26,-9999
2026-01-26,-9999
2026-01-26,-9999
2026-01-26,-9999
2026-01-26,-9999
2026-01-26,-9999
2026-01-26,-9999
2026-01-26,-9999
2026-01-26,-9999
2026-01-26,-9999
2026-01-26,-9999
2026-01-26,-9999
2026-01-27,-9999
2026-01-27,-9999
2026-01-27,-9999
2026-01-27,-9999
2026-01-27,-9999
2026-01-27,-9999
2026-01-27,-9999
2026-01-27,-9999
2026-01-27,-9999
2026-01-27,-9999
2026-01-27,-9999
2026-01-27,-9999
2026-01-27,-9999
2026-01-27,-9999
2026-01-28,-9999
2026-01-28,-9999
2026-01-28,-9999
2026-01-28,-9999
2026-01-28,-9999
2026-01-28,-9999
2026-01-28,-9999
2026-01-28,-9999
2026-01-28,-9999
2026-01-28,-9999
2026-01-28,-9999
2026-01-28,-9999
2026-01-28,-9999
2026-01-28,-9999
2026-01-29,-9999
2026-01-29,-9999
2026-01-29,-9999
2026-01-29,0.026250459253772233
2026-01-29,-9999
2026-01-29,-9999
2026-01-29,-9999
2026-01-29,-9999
2026-01-29,-9999
2026-01-29,-9999
2026-01-29,-9999
2026-01-29,-9999
2026-01-29,-9999
2026-01-29,-9999
2026-01-30,-9999
2026-01-30,-9999
2026-01-30,-9999
2026-01-30,0.029732724651676447
2026-01-30,-9999
2026-01-30,-9999
2026-01-30,-9999
2026-01-30,-9999
2026-01-30,-9999
2026-01-30,-9999
2026-01-30,-9999
2026-01-30,-9999
2026-01-30,-9999
2026-01-30,-9999
2026-01-31,-9999
2026-01-31,-9999
2026-01-31,-9999
2026-01-31,0.03026355803011031
2026-01-31,-9999
2026-01-31,-9999
2026-01-31,-9999
2026-01-31,-9999
2026-01-31,-9999
2026-01-31,-9999
2026-01-31,-9999
2026-01-31,-9999
2026-01-31,-9999
2026-01-31,-9999
2026-01-31,-9999
2026-02-01,-9999
2026-02-01,-9999
2026-02-01,-9999
2026-02-01,-9999
2026-02-01,-9999
2026-02-01,-9999
2026-02-01,-9999
2026-02-01,-9999
2026-02-01,-9999
2026-02-01,-9999
2026-02-01,-9999
2026-02-01,-9999
2026-02-01,-9999
2026-02-01,-9999
2026-02-02,-9999
2026-02-02,-9999
2026-02-02,-9999
2026-02-02,0.033215533941964234
2026-02-02,-9999
2026-02-02,-9999
2026-02-02,-9999
2026-02-02,-9999
2026-02-02,-9999
2026-02-02,-9999
2026-02-02,-9999
2026-02-02,-9999
2026-02-02,-9999
2026-02-02,-9999
2026-02-03,-9999
2026-02-03,-9999
2026-02-03,-9999
2026-02-03,0.031183935701828352
2026-02-03,-9999
2026-02-03,-9999
2026-02-03,-9999
2026-02-03,-9999
2026-02-03,-9999
2026-02-03,-9999
2026-02-03,-9999
2026-02-03,-9999
2026-02-03,-9999
2026-02-03,-9999
2026-02-04,-9999
2026-02-04,-9999
2026-02-04,-9999
2026-02-04,0.024781178683027646
2026-02-04,-9999
2026-02-04,-9999
2026-02-04,-9999
2026-02-04,-9999
2026-02-04,-9999
2026-02-04,-9999
2026-02-04,-9999
2026-02-04,-9999
2026-02-04,-9999
2026-02-04,-9999
2026-02-05,-9999
2026-02-05,-9999
2026-02-05,-9999
2026-02-05,-9999
2026-02-05,-9999
2026-02-05,-9999
2026-02-05,-9999
2026-02-05,-9999
2026-02-05,-9999
2026-02-05,-9999
2026-02-05,-9999
2026-02-05,-9999
2026-02-05,-9999
2026-02-05,-9999
2026-02-06,-9999
2026-02-06,-9999
2026-02-06,-9999
2026-02-06,0.03448019176719502
2026-02-06,-9999
2026-02-06,-9999
2026-02-06,-9999
2026-02-06,-9999
2026-02-06,-9999
2026-02-06,-9999
2026-02-06,-9999
2026-02-06,-9999
2026-02-06,-9999
2026-02-06,-9999
2026-02-06,-9999
2026-02-07,-9999
2026-02-07,-9999
2026-02-07,-9999
2026-02-07,-9999
2026-02-07,-9999
2026-02-07,-9999
2026-02-07,-9999
2026-02-07,-9999
2026-02-07,-9999
2026-02-07,-9999
2026-02-07,-9999
2026-02-07,-9999
2026-02-07,-9999
2026-02-08,-9999
2026-02-08,-9999
2026-02-08,-9999
2026-02-08,-9999
2026-02-08,-9999
2026-02-08,-9999
2026-02-08,-9999
2026-02-08,-9999
2026-02-08,-9999
2026-02-08,-9999
2026-02-08,-9999
2026-02-08,-9999
2026-02-08,-9999
2026-02-08,-9999
2026-02-09,-9999
2026-02-09,-9999
2026-02-09,-9999
2026-02-09,-9999
2026-02-09,-9999
2026-02-09,-9999
2026-02-09,-9999
2026-02-09,-9999
2026-02-09,-9999
2026-02-09,-9999
2026-02-09,-9999
2026-02-09,-9999
2026-02-09,-9999
2026-02-09,-9999
2026-02-10,-9999
2026-02-10,-9999
2026-02-10,-9999
2026-02-10,-9999
2026-02-10,-9999
2026-02-10,-9999
2026-02-10,-9999
2026-02-10,-9999
2026-02-10,-9999
2026-02-10,-9999
2026-02-10,-9999
2026-02-10,-9999
2026-02-10,-9999
2026-02-10,-9999
2026-02-11,-9999
2026-02-11,-9999
2026-02-11,-9999
2026-02-11,-9999
2026-02-11,-9999
2026-02-11,-9999
2026-02-11,-9999
2026-02-11,-9999
2026-02-11,-9999
2026-02-11,-9999
2026-02-11,-9999
2026-02-11,-9999
2026-02-11,-9999
2026-02-11,-9999
2026-02-11,-9999
2026-02-12,-9999
2026-02-12,-9999
2026-02-12,-9999
2026-02-12,-9999
2026-02-12,-9999
2026-02-12,-9999
2026-02-12,-9999
2026-02-12,-9999
2026-02-12,-9999
2026-02-12,-9999
2026-02-12,-9999
2026-02-12,-9999
2026-02-12,-9999
2026-02-12,-9999
2026-02-13,-9999
2026-02-13,-9999
2026-02-13,-9999
2026-02-13,-9999
2026-02-13,-9999
2026-02-13,-9999
2026-02-13,-9999
2026-02-13,-9999
2026-02-13,-9999
2026-02-13,-9999
2026-02-13,-9999
2026-02-13,-9999
2026-02-13,-9999
2026-02-13,-9999
2026-02-14,-9999
2026-02-14,-9999
2026-02-14,-9999
2026-02-14,-9999
2026-02-14,-9999
2026-02-14,-9999
2026-02-14,-9999
2026-02-14,-9999
2026-02-14,-9999
2026-02-14,-9999
2026-02-14,-9999
2026-02-14,-9999
2026-02-14,-9999
2026-02-14,-9999
2026-02-15,-9999
2026-02-15,-9999
2026-02-15,-9999
2026-02-15,0.03083592280743655
2026-02-15,-9999
2026-02-15,-9999
2026-02-15,-9999
2026-02-15,-9999
2026-02-15,-9999
2026-02-15,-9999
2026-02-15,-9999
2026-02-15,-9999
2026-02-16,-9999
2026-02-16,-9999
2026-02-16,-9999
2026-02-16,-9999
2026-02-16,-9999
2026-02-16,-9999
2026-02-16,-9999
2026-02-16,-9999
2026-02-16,-9999
2026-02-16,-9999
2026-02-16,-9999
2026-02-16,-9999
2026-02-16,-9999
2026-02-16,-9999
2026-02-17,-9999
2026-02-17,-9999
2026-02-17,-9999
2026-02-17,0.03318882275148823
2026-02-17,-9999
2026-02-17,-9999
2026-02-17,-9999
2026-02-17,-9999
2026-02-17,-9999
2026-02-17,-9999
2026-02-17,-9999
2026-02-17,-9999
2026-02-17,-9999
2026-02-17,-9999
2026-02-17,-9999
2026-02-18,-9999
2026-02-18,-9999
2026-02-18,-9999
2026-02-18,-9999
2026-02-18,-9999
2026-02-18,-9999
2026-02-18,-9999
2026-02-18,-9999
2026-02-18,-9999
2026-02-18,-9999
2026-02-18,-9999
2026-02-18,-9999
2026-02-18,-9999
2026-02-18,-9999
2026-02-19,-9999
2026-02-19,-9999
2026-02-19,-9999
2026-02-19,-9999
2026-02-19,-9999
2026-02-19,-9999
2026-02-19,-9999
2026-02-19,-9999
2026-02-19,-9999
2026-02-19,-9999
2026-02-19,-9999
2026-02-19,-9999
2026-02-19,-9999
2026-02-19,-9999
2026-02-20,-9999
2026-02-20,-9999
2026-02-20,-9999
2026-02-20,-9999
2026-02-20,-9999
2026-02-20,-9999
2026-02-20,-9999
2026-02-20,-9999
2026-02-20,-9999
2026-02-20,-9999
2026-02-20,-9999
2026-02-20,-9999
2026-02-20,-9999
2026-02-20,-9999
2026-02-21,-9999
2026-02-21,-9999
2026-02-21,-9999
2026-02-21,-9999
2026-02-21,-9999
2026-02-21,-9999
2026-02-21,-9999
2026-02-21,-9999
2026-02-21,-9999
2026-02-21,-9999
2026-02-21,-9999
2026-02-21,-9999
2026-02-21,-9999
2026-02-21,-9999
2026-02-22,-9999
2026-02-22,-9999
2026-02-22,-9999
2026-02-22,-9999
2026-02-22,-9999
2026-02-22,-9999
2026-02-22,-9999
2026-02-22,-9999
2026-02-22,-9999
2026-02-22,-9999
2026-02-22,-9999
2026-02-22,-9999
2026-02-22,-9999
2026-02-22,-9999
2026-02-22,-9999
2026-02-23,-9999
2026-02-23,-9999
2026-02-23,-9999
2026-02-23,-9999
2026-02-23,-9999
2026-02-23,-9999
2026-02-23,-9999
2026-02-23,-9999
2026-02-23,-9999
2026-02-23,-9999
2026-02-23,-9999
2026-02-23,-9999
2026-02-23,-9999
2026-02-23,-9999
2026-02-24,-9999
2026-02-24,-9999
2026-02-24,-9999
2026-02-24,-9999
2026-02-24,-9999
2026-02-24,-9999
2026-02-24,-9999
2026-02-24,-9999
2026-02-24,-9999
2026-02-24,-9999
2026-02-24,-9999
2026-02-24,-9999
2026-02-24,-9999
2026-02-24,-9999
2026-02-25,-9999
2026-02-25,-9999
2026-02-25,-9999
2026-02-25,-9999
2026-02-25,-9999
2026-02-25,-9999
2026-02-25,-9999
2026-02-25,-9999
2026-02-25,-9999
2026-02-25,-9999
2026-02-25,-9999
2026-02-25,-9999
2026-02-25,-9999
2026-02-25,-9999
2026-02-26,-9999
2026-02-26,-9999
2026-02-26,-9999
2026-02-26,-9999
2026-02-26,-9999
2026-02-26,-9999
2026-02-26,-9999
2026-02-26,-9999
2026-02-26,-9999
2026-02-26,-9999
2026-02-26,-9999
2026-02-26,-9999
2026-02-26,-9999
2026-02-26,-9999
2026-02-27,-9999
2026-02-27,-9999
2026-02-27,-9999
2026-02-27,-9999
2026-02-27,-9999
2026-02-27,-9999
2026-02-27,-9999
2026-02-27,-9999
2026-02-27,-9999
2026-02-27,-9999
2026-02-27,-9999
2026-02-27,-9999
2026-02-27,-9999
2026-02-27,-9999
2026-02-27,-9999
2026-02-28,-9999
2026-02-28,-9999
2026-02-28,0.024094154357586887
2026-02-28,-9999
2026-02-28,-9999
2026-02-28,-9999
2026-02-28,-9999
2026-02-28,-9999
2026-02-28,-9999
2026-02-28,-9999
2026-02-28,-9999
2026-02-28,-9999
2026-02-28,-9999
2026-02-28,-9999
2026-03-01,-9999
2026-03-01,-9999
2026-03-01,-9999
2026-03-01,-9999
2026-03-01,-9999
2026-03-01,-9999
2026-03-01,-9999
2026-03-01,-9999
2026-03-01,-9999
2026-03-01,-9999
2026-03-01,-9999
2026-03-01,-9999
2026-03-01,-9999
2026-03-01,-9999
2026-03-02,-9999
2026-03-02,-9999
2026-03-02,-9999
2026-03-02,-9999
2026-03-02,-9999
2026-03-02,-9999
2026-03-02,-9999
2026-03-02,-9999
2026-03-02,-9999
2026-03-02,-9999
2026-03-02,-9999
2026-03-02,-9999
2026-03-02,-9999
2026-03-02,-9999
2026-03-03,-9999
2026-03-03,-9999
2026-03-03,-9999
2026-03-03,0.031427347059614565
2026-03-03,-9999
2026-03-03,-9999
2026-03-03,-9999
2026-03-03,-9999
2026-03-03,-9999
2026-03-03,-9999
2026-03-03,-9999
2026-03-03,-9999
2026-03-03,-9999
2026-03-03,-9999
2026-03-04,-9999
2026-03-04,-9999
2026-03-04,-9999
2026-03-04,0.028249433264119352
2026-03-04,-9999
2026-03-04,-9999
2026-03-04,-9999
2026-03-04,-9999
2026-03-04,-9999
2026-03-04,-9999
2026-03-04,-9999
2026-03-04,-9999
2026-03-04,-9999
2026-03-04,-9999
2026-03-05,-9999
2026-03-05,-9999
2026-03-05,-9999
2026-03-05,0.027637781575305557
2026-03-05,-9999
2026-03-05,-9999
2026-03-05,-9999
2026-03-05,-9999
2026-03-05,-9999
2026-03-05,-9999
2026-03-05,-9999
2026-03-05,-9999
2026-03-05,-9999
2026-03-05,-9999
2026-03-05,-9999
2026-03-06,-9999
2026-03-06,-9999
2026-03-06,-9999
2026-03-06,-9999
2026-03-06,-9999
2026-03-06,-9999
2026-03-06,-9999
2026-03-06,-9999
2026-03-06,-9999
2026-03-06,-9999
2026-03-06,-9999
2026-03-06,-9999
2026-03-06,-9999
2026-03-06,-9999
2026-03-07,-9999
2026-03-07,-9999
2026-03-07,-9999
2026-03-07,0.02786522731187246
2026-03-07,-9999
2026-03-07,-9999
2026-03-07,-9999
2026-03-07,-9999
2026-03-07,-9999
2026-03-07,-9999
2026-03-07,-9999
2026-03-07,-9999
2026-03-07,-9999
2026-03-07,-9999
2026-03-08,-9999
2026-03-08,-9999
2026-03-08,-9999
2026-03-08,0.0265141613781293
2026-03-08,-9999
2026-03-08,-9999
2026-03-08,-9999
2026-03-08,-9999
2026-03-08,-9999
2026-03-08,-9999
2026-03-08,-9999
2026-03-08,-9999
2026-03-08,-9999
2026-03-08,-9999
2026-03-09,-9999
2026-03-09,-9999
2026-03-09,-9999
2026-03-09,-9999
2026-03-09,-9999
2026-03-09,-9999
2026-03-09,-9999
2026-03-09,-9999
2026-03-09,-9999
2026-03-09,-9999
2026-03-09,-9999
2026-03-09,-9999
2026-03-09,-9999
2026-03-09,-9999
2026-03-10,-9999
2026-03-10,-9999
2026-03-10,-9999
2026-03-10,0.03325444459913165
2026-03-10,-9999
2026-03-10,-9999
2026-03-10,-9999
2026-03-10,-9999
2026-03-10,-9999
2026-03-10,-9999
2026-03-10,-9999
2026-03-10,-9999
2026-03-10,-9999
2026-03-10,-9999
2026-03-10,-9999
2026-03-11,-9999
2026-03-11,-9999
2026-03-11,-9999
2026-03-11,-9999
2026-03-11,-9999
2026-03-11,-9999
2026-03-11,-9999
2026-03-11,-9999
2026-03-11,-9999
2026-03-11,-9999
2026-03-11,-9999
2026-03-11,-9999
2026-03-11,-9999
2026-03-11,-9999
2026-03-12,-9999
2026-03-12,-9999
2026-03-12,-9999
2026-03-12,0.028197368606948152
2026-03-12,-9999
2026-03-12,-9999
2026-03-12,-9999
2026-03-12,-9999
2026-03-12,-9999
2026-03-12,-9999
2026-03-12,-9999
2026-03-12,-9999
2026-03-12,-9999
2026-03-12,-9999
2026-03-13,-9999
2026-03-13,-9999
2026-03-13,-9999
2026-03-13,0.027261797243254393
2026-03-13,-9999
2026-03-13,-9999
2026-03-13,-9999
2026-03-13,-9999
2026-03-13,-9999
2026-03-13,-9999
2026-03-13,-9999
2026-03-13,-9999
2026-03-13,-9999
2026-03-13,-9999
2026-03-14,-9999
2026-03-14,-9999
2026-03-14,-9999
2026-03-14,0.031111598014857075
2026-03-14,-9999
2026-03-14,-9999
2026-03-14,-9999
2026-03-14,-9999
2026-03-14,-9999
2026-03-14,-9999
2026-03-14,-9999
2026-03-14,-9999
2026-03-14,-9999
2026-03-14,-9999
2026-03-15,-9999
2026-03-15,-9999
2026-03-15,-9999
2026-03-15,0.032420959323625174
2026-03-15,-9999
2026-03-15,-9999
2026-03-15,-9999
2026-03-15,-9999
2026-03-15,-9999
2026-03-15,-9999
2026-03-15,-9999
2026-03-15,-9999
2026-03-15,-9999
2026-03-15,-9999
2026-03-15,-9999
2026-03-16,-9999
2026-03-16,-9999
2026-03-16,0.026574954390509862
2026-03-16,-9999
2026-03-16,-9999
2026-03-16,-9999
2026-03-16,-9999
2026-03-16,-9999
2026-03-16,-9999
2026-03-16,-9999
2026-03-16,-9999
2026-03-16,-9999
2026-03-16,-9999
2026-03-16,-9999
2026-03-17,-9999
2026-03-17,-9999
2026-03-17,-9999
2026-03-17,-9999
2026-03-17,-9999
2026-03-17,-9999
2026-03-17,-9999
2026-03-17,-9999
2026-03-17,-9999
2026-03-17,-9999
2026-03-17,-9999
2026-03-17,-9999
2026-03-17,-9999
2026-03-17,-9999
2026-03-18,-9999
2026-03-18,-9999
2026-03-18,-9999
2026-03-18,0.028048413191574962
2026-03-18,-9999
2026-03-18,-9999
2026-03-18,-9999
2026-03-18,-9999
2026-03-18,-9999
2026-03-18,-9999
2026-03-18,-9999
2026-03-18,-9999
2026-03-18,-9999
2026-03-18,-9999
2026-03-19,-9999
2026-03-19,-9999
2026-03-19,-9999
2026-03-19,-9999
2026-03-19,-9999
2026-03-19,-9999
2026-03-19,-9999
2026-03-19,-9999
2026-03-19,-9999
2026-03-19,-9999
2026-03-19,-9999
2026-03-19,-9999
2026-03-19,-9999
2026-03-19,-9999
2026-03-20,-9999
2026-03-20,-9999
2026-03-20,-9999
2026-03-20,-9999
2026-03-20,-9999
2026-03-20,-9999
2026-03-20,-9999
2026-03-20,-9999
2026-03-20,-9999
2026-03-20,-9999
2026-03-20,-9999
2026-03-20,-9999
2026-03-20,-9999
2026-03-20,-9999
2026-03-21,-9999
2026-03-21,-9999
2026-03-21,-9999
2026-03-21,-9999
2026-03-21,-9999
2026-03-21,-9999
2026-03-21,-9999
2026-03-21,-9999
2026-03-21,-9999
2026-03-21,-9999
2026-03-21,-9999
2026-03-21,-9999
2026-03-21,-9999
2026-03-21,-9999
2026-03-21,-9999
2026-03-22,-9999
2026-03-22,-9999
2026-03-22,-9999
2026-03-22,-9999
2026-03-22,-9999
2026-03-22,-9999
2026-03-22,-9999
2026-03-22,-9999
2026-03-22,-9999
2026-03-22,-9999
2026-03-22,-9999
2026-03-22,-9999
2026-03-22,-9999
2026-03-22,-9999
2026-03-23,-9999
2026-03-23,-9999
2026-03-23,-9999
2026-03-23,-9999
2026-03-23,-9999
2026-03-23,-9999
2026-03-23,-9999
2026-03-23,-9999
2026-03-23,-9999
2026-03-23,-9999
2026-03-23,-9999
2026-03-23,-9999
2026-03-23,-9999
2026-03-23,-9999
2026-03-24,-9999
2026-03-24,-9999
2026-03-24,-9999
2026-03-24,-9999
2026-03-24,-9999
2026-03-24,-9999
2026-03-24,-9999
2026-03-24,-9999
2026-03-24,-9999
2026-03-24,-9999
2026-03-24,-9999
2026-03-24,-9999
2026-03-24,-9999
2026-03-24,-9999
2026-03-25,-9999
2026-03-25,-9999
2026-03-25,-9999
2026-03-25,-9999
2026-03-25,-9999
2026-03-25,-9999
2026-03-25,-9999
2026-03-25,-9999
2026-03-25,-9999
2026-03-25,-9999
2026-03-25,-9999
2026-03-25,-9999
2026-03-25,-9999
2026-03-25,-9999
2026-03-26,-9999
2026-03-26,-9999
2026-03-26,-9999
2026-03-26,0.0261819940060592
2026-03-26,-9999
2026-03-26,-9999
2026-03-26,-9999
2026-03-26,-9999
2026-03-26,-9999
2026-03-26,-9999
2026-03-26,-9999
2026-03-26,-9999
2026-03-26,-9999
2026-03-26,-9999
2026-03-26,-9999
2026-03-27,-9999
2026-03-27,-9999
2026-03-27,0.029239913448715366
2026-03-27,-9999
2026-03-27,-9999
2026-03-27,-9999
2026-03-27,-9999
2026-03-27,-9999
2026-03-27,-9999
2026-03-27,-9999
2026-03-27,-9999
2026-03-27,-9999
2026-03-27,-9999
2026-03-27,-9999
2026-03-28,-9999
2026-03-28,-9999
2026-03-28,-9999
2026-03-28,-9999
2026-03-28,-9999
2026-03-28,-9999
2026-03-28,-9999
2026-03-28,-9999
2026-03-28,-9999
2026-03-28,-9999
2026-03-28,-9999
2026-03-28,-9999
2026-03-28,-9999
2026-03-28,-9999
2026-03-29,-9999
2026-03-29,-9999
2026-03-29,-9999
2026-03-29,0.026609895750864265
2026-03-29,-9999
2026-03-29,-9999
2026-03-29,-9999
2026-03-29,-9999
2026-03-29,-9999
2026-03-29,-9999
2026-03-29,-9999
2026-03-29,-9999
2026-03-29,-9999
2026-03-29,-9999
2026-03-30,-9999
2026-03-30,-9999
2026-03-30,-9999
2026-03-30,-9999
2026-03-30,-9999
2026-03-30,-9999
2026-03-30,-9999
2026-03-30,-9999
2026-03-30,-9999
2026-03-30,-9999
2026-03-30,-9999
2026-03-30,-9999
2026-03-30,-9999
2026-03-30,-9999
2026-03-31,-9999
2026-03-31,-9999
2026-03-31,-9999
2026-03-31,-9999
2026-03-31,-9999
2026-03-31,-9999
2026-03-31,-9999
2026-03-31,-9999
2026-03-31,-9999
2026-03-31,-9999
2026-03-31,-9999
2026-03-31,-9999
2026-03-31,-9999
2026-03-31,-9999
2026-04-01,-9999
2026-04-01,-9999
2026-04-01,-9999
2026-04-01,-9999
2026-04-01,-9999
2026-04-01,-9999
2026-04-01,-9999
2026-04-01,-9999
2026-04-01,-9999
2026-04-01,-9999
2026-04-01,-9999
2026-04-01,-9999
2026-04-01,-9999
2026-04-01,-9999
2026-04-01,-9999
2026-04-02,-9999
2026-04-02,-9999
2026-04-02,-9999
2026-04-02,0.030363260235903973
2026-04-02,-9999
2026-04-02,-9999
2026-04-02,-9999
2026-04-02,-9999
2026-04-02,-9999
2026-04-02,-9999
2026-04-02,-9999
2026-04-02,-9999
2026-04-02,-9999
2026-04-02,-9999
2026-04-03,-9999
2026-04-03,-9999
2026-04-03,-9999
2026-04-03,0.024327306076869663
2026-04-03,-9999
2026-04-03,-9999
2026-04-03,-9999
2026-04-03,-9999
2026-04-03,-9999
2026-04-03,-9999
2026-04-03,-9999
2026-04-03,-9999
2026-04-03,-9999
2026-04-03,-9999
2026-04-04,-9999
2026-04-04,-9999
2026-04-04,-9999
2026-04-04,-9999
2026-04-04,-9999
2026-04-04,-9999
2026-04-04,-9999
2026-04-04,-9999
2026-04-04,-9999
2026-04-04,-9999
2026-04-04,-9999
2026-04-04,-9999
2026-04-04,-9999
2026-04-04,-9999
2026-04-05,-9999
2026-04-05,-9999
2026-04-05,-9999
2026-04-05,0.027424648809670153
2026-04-05,-9999
2026-04-05,-9999
2026-04-05,-9999
2026-04-05,-9999
2026-04-05,-9999
2026-04-05,-9999
2026-04-05,-9999
2026-04-05,-9999
2026-04-05,-9999
2026-04-05,-9999
2026-04-06,-9999
2026-04-06,-9999
2026-04-06,-9999
2026-04-06,-9999
2026-04-06,-9999
2026-04-06,-9999
2026-04-06,-9999
2026-04-06,-9999
2026-04-06,-9999
2026-04-06,-9999
2026-04-06,-9999
2026-04-06,-9999
2026-04-06,-9999
2026-04-06,-9999
2026-04-06,-9999
2026-04-07,-9999
2026-04-07,-9999
2026-04-07,-9999
2026-04-07,-9999
2026-04-07,-9999
2026-04-07,-9999
2026-04-07,-9999
2026-04-07,-9999
2026-04-07,-9999
2026-04-07,-9999
2026-04-07,-9999
2026-04-07,-9999
2026-04-07,-9999
2026-04-07,-9999
2026-04-08,-9999
2026-04-08,-9999
2026-04-08,-9999
2026-04-08,0.029171485646593106
2026-04-08,-9999
2026-04-08,-9999
2026-04-08,-9999
2026-04-08,-9999
2026-04-08,-9999
2026-04-08,-9999
2026-04-08,-9999
2026-04-08,-9999
2026-04-08,-9999
2026-04-08,-9999
2026-04-09,-9999
2026-04-09,-9999
2026-04-09,-9999
2026-04-09,-9999
2026-04-09,-9999
2026-04-09,-9999
2026-04-09,-9999
2026-04-09,-9999
2026-04-09,-9999
2026-04-09,-9999
2026-04-09,-9999
2026-04-09,-9999
2026-04-09,-9999
2026-04-09,-9999
2026-04-10,-9999
2026-04-10,-9999
2026-04-10,-9999
2026-04-10,-9999
2026-04-10,-9999
2026-04-10,-9999
2026-04-10,-9999
2026-04-10,-9999
2026-04-10,-9999
2026-04-10,-9999
2026-04-10,-9999
2026-04-10,-9999
2026-04-10,-9999
2026-04-10,-9999
2026-04-11,-9999
2026-04-11,-9999
2026-04-11,-9999
2026-04-11,-9999
2026-04-11,-9999
2026-04-11,-9999
2026-04-11,-9999
2026-04-11,-9999
2026-04-11,-9999
2026-04-11,-9999
2026-04-11,-9999
2026-04-11,-9999
2026-04-11,-9999
2026-04-11,-9999
2026-04-11,-9999
2026-04-12,-9999
2026-04-12,-9999
2026-04-12,-9999
2026-04-12,-9999
2026-04-12,-9999
2026-04-12,-9999
2026-04-12,-9999
2026-04-12,-9999
2026-04-12,-9999
2026-04-12,-9999
2026-04-12,-9999
2026-04-12,-9999
2026-04-12,-9999
2026-04-12,-9999
2026-04-13,-9999
2026-04-13,-9999
2026-04-13,-9999
2026-04-13,0.022294208407388653
2026-04-13,-9999
2026-04-13,-9999
2026-04-13,-9999
2026-04-13,-9999
2026-04-13,-9999
2026-04-13,-9999
2026-04-13,-9999
2026-04-13,-9999
2026-04-13,-9999
2026-04-13,-9999
2026-04-14,-9999
2026-04-14,-9999
2026-04-14,-9999
2026-04-14,0.024974346160873677
2026-04-14,-9999
2026-04-14,-9999
2026-04-14,-9999
2026-04-14,-9999
2026-04-14,-9999
2026-04-14,-9999
2026-04-14,-9999
2026-04-14,-9999
2026-04-14,-9999
2026-04-14,-9999
2026-04-15,-9999
2026-04-15,-9999
2026-04-15,-9999
2026-04-15,0.029343323782068755
2026-04-15,-9999
2026-04-15,-9999
2026-04-15,-9999
2026-04-15,-9999
2026-04-15,-9999
2026-04-15,-9999
2026-04-15,-9999
2026-04-15,-9999
2026-04-15,-9999
2026-04-15,-9999
2026-04-16,-9999
2026-04-16,-9999
2026-04-16,-9999
2026-04-16,-9999
2026-04-16,-9999
2026-04-16,-9999
2026-04-16,-9999
2026-04-16,-9999
2026-04-16,-9999
2026-04-16,-9999
2026-04-16,-9999
2026-04-16,-9999
2026-04-16,-9999
2026-04-16,-9999
2026-04-17,-9999
2026-04-17,-9999
2026-04-17,-9999
2026-04-17,0.02909787558017414
2026-04-17,-9999
2026-04-17,-9999
2026-04-17,-9999
2026-04-17,-9999
2026-04-17,-9999
2026-04-17,-9999
2026-04-17,-9999
2026-04-17,-9999
2026-04-17,-9999
2026-04-17,-9999
2026-04-17,-9999
2026-04-18,-9999
2026-04-18,-9999
2026-04-18,-9999
2026-04-18,0.030845481902342396
2026-04-18,-9999
2026-04-18,-9999
2026-04-18,-9999
2026-04-18,-9999
2026-04-18,-9999
2026-04-18,-9999
2026-04-18,-9999
2026-04-18,-9999
2026-04-18,-9999
2026-04-19,-9999
2026-04-19,-9999
2026-04-19,-9999
2026-04-19,0.028831832740647247
2026-04-19,-9999
2026-04-19,-9999
2026-04-19,-9999
2026-04-19,-9999
2026-04-19,-9999
2026-04-19,-9999
2026-04-19,-9999
2026-04-19,-9999
2026-04-19,-9999
2026-04-19,-9999
2026-04-20,-9999
2026-04-20,-9999
2026-04-20,-9999
2026-04-20,0.02639472857116068
2026-04-20,-9999
2026-04-20,-9999
2026-04-20,-9999
2026-04-20,-9999
2026-04-20,-9999
2026-04-20,-9999
2026-04-20,-9999
2026-04-20,-9999
2026-04-20,-9999
2026-04-20,-9999
2026-04-21,-9999
2026-04-21,-9999
2026-04-21,-9999
2026-04-21,-9999
2026-04-21,-9999
2026-04-21,-9999
2026-04-21,-9999
2026-04-21,-9999
2026-04-21,-9999
2026-04-21,-9999
2026-04-21,-9999
2026-04-21,-9999
2026-04-21,-9999
2026-04-21,-9999
2026-04-22,-9999
2026-04-22,-9999
2026-04-22,-9999
2026-04-22,-9999
2026-04-22,-9999
2026-04-22,-9999
2026-04-22,-9999
2026-04-22,-9999
2026-04-22,-9999
2026-04-22,-9999
2026-04-22,-9999
2026-04-22,-9999
2026-04-22,-9999
2026-04-22,-9999
2026-04-22,-9999
2026-04-23,-9999
2026-04-23,-9999
2026-04-23,-9999
2026-04-23,-9999
2026-04-23,-9999
2026-04-23,-9999
2026-04-23,-9999
2026-04-23,-9999
2026-04-23,-9999
2026-04-23,-9999
2026-04-23,-9999
2026-04-23,-9999
2026-04-23,-9999
2026-04-23,-9999
2026-04-24,-9999
2026-04-24,-9999
2026-04-24,-9999
2026-04-24,-9999
2026-04-24,-9999
2026-04-24,-9999
2026-04-24,-9999
2026-04-24,-9999
2026-04-24,-9999
2026-04-24,-9999
2026-04-24,-9999
2026-04-24,-9999
2026-04-24,-9999
2026-04-24,-9999
2026-04-25,-9999
2026-04-25,-9999
2026-04-25,-9999
2026-04-25,0.025746689885732827
2026-04-25,-9999
2026-04-25,-9999
2026-04-25,-9999
2026-04-25,-9999
2026-04-25,-9999
2026-04-25,-9999
2026-04-25,-9999
2026-04-25,-9999
2026-04-25,-9999
2026-04-25,-9999
2026-04-26,-9999
2026-04-26,-9999
2026-04-26,-9999
2026-04-26,0.025433465838417043
2026-04-26,-9999
2026-04-26,-9999
2026-04-26,-9999
2026-04-26,-9999
2026-04-26,-9999
2026-04-26,-9999
2026-04-26,-9999
2026-04-26,-9999
2026-04-26,-9999
2026-04-26,-9999
2026-04-27,-9999
2026-04-27,-9999
2026-04-27,-9999
2026-04-27,-9999
2026-04-27,-9999
2026-04-27,-9999
2026-04-27,-9999
2026-04-27,-9999
2026-04-27,-9999
2026-04-27,-9999
2026-04-27,-9999
2026-04-27,-9999
2026-04-27,-9999
2026-04-27,-9999
2026-04-27,-9999
2026-04-28,-9999
2026-04-28,-9999
2026-04-28,-9999
2026-04-28,-9999
2026-04-28,-9999
2026-04-28,-9999
2026-04-28,-9999
2026-04-28,-9999
2026-04-28,-9999
2026-04-28,-9999
2026-04-28,-9999
2026-04-28,-9999
2026-04-28,-9999
2026-04-28,-9999
2026-04-29,-9999
2026-04-29,-9999
2026-04-29,-9999
2026-04-29,-9999
2026-04-29,-9999
2026-04-29,-9999
2026-04-29,-9999
2026-04-29,-9999
2026-04-29,-9999
2026-04-29,-9999
2026-04-29,-9999
2026-04-29,-9999
2026-04-29,-9999
2026-04-30,-9999
2026-04-30,-9999
2026-04-30,-9999
2026-04-30,-9999
2026-04-30,-9999
2026-04-30,-9999
2026-04-30,-9999
2026-04-30,-9999
2026-04-30,-9999
2026-04-30,-9999
2026-04-30,-9999
2026-04-30,-9999
2026-04-30,-9999
2026-04-30,-9999
2026-05-01,-9999
2026-05-01,-9999
2026-05-01,-9999
2026-05-01,0.02773021786260235
2026-05-01,-9999
2026-05-01,-9999
2026-05-01,-9999
2026-05-01,-9999
2026-05-01,-9999
2026-05-01,-9999
2026-05-01,-9999
2026-05-01,-9999
2026-05-01,-9999
2026-05-01,-9999
2026-05-02,-9999
2026-05-02,-9999
2026-05-02,-9999
2026-05-02,-9999
2026-05-02,-9999
2026-05-02,-9999
2026-05-02,-9999
2026-05-02,-9999
2026-05-02,-9999
2026-05-02,-9999
2026-05-02,-9999
2026-05-02,-9999
2026-05-02,-9999
2026-05-02,-9999
2026-05-03,-9999
2026-05-03,-9999
2026-05-03,-9999
2026-05-03,0.02755515783661212
2026-05-03,-9999
2026-05-03,-9999
2026-05-03,-9999
2026-05-03,-9999
2026-05-03,-9999
2026-05-03,-9999
2026-05-03,-9999
2026-05-03,-9999
2026-05-03,-9999
2026-05-03,-9999
2026-05-03,-9999
2026-05-04,-9999
2026-05-04,-9999
2026-05-04,-9999
2026-05-04,-9999
2026-05-04,-9999
2026-05-04,-9999
2026-05-04,-9999
2026-05-04,-9999
2026-05-04,-9999
2026-05-04,-9999
2026-05-04,-9999
2026-05-04,-9999
2026-05-04,-9999
2026-05-04,-9999
2026-05-05,-9999
2026-05-05,-9999
2026-05-05,-9999
2026-05-05,0.023884981870636906
2026-05-05,-9999
2026-05-05,-9999
2026-05-05,-9999
2026-05-05,-9999
2026-05-05,-9999
2026-05-05,-9999
2026-05-05,-9999
2026-05-05,-9999
2026-05-05,-9999
2026-05-05,-9999
2026-05-06,-9999
2026-05-06,-9999
2026-05-06,-9999
2026-05-06,0.024306602776035975
2026-05-06,-9999
2026-05-06,-9999
2026-05-06,-9999
2026-05-06,-9999
2026-05-06,-9999
2026-05-06,-9999
2026-05-06,-9999
2026-05-06,-9999
2026-05-06,-9999
2026-05-07,-9999
2026-05-07,-9999
2026-05-07,-9999
2026-05-07,0.03255753612957792
2026-05-07,-9999
2026-05-07,-9999
2026-05-07,-9999
2026-05-07,-9999
2026-05-07,-9999
2026-05-07,-9999
2026-05-07,-9999
2026-05-07,-9999
2026-05-07,-9999
2026-05-07,-9999
2026-05-08,-9999
2026-05-08,-9999
2026-05-08,-9999
2026-05-08,0.03434247448331586
2026-05-08,-9999
2026-05-08,-9999
2026-05-08,-9999
2026-05-08,-9999
2026-05-08,-9999
2026-05-08,-9999
2026-05-08,-9999
2026-05-08,-9999
2026-05-08,-9999
2026-05-08,-9999
2026-05-08,-9999
2026-05-09,-9999
2026-05-09,-9999
2026-05-09,-9999
2026-05-09,-9999
2026-05-09,-9999
2026-05-09,-9999
2026-05-09,-9999
2026-05-09,-9999
2026-05-09,-9999
2026-05-09,-9999
2026-05-09,-9999
2026-05-09,-9999
2026-05-09,-9999
2026-05-09,-9999
2026-05-10,-9999
2026-05-10,-9999
2026-05-10,-9999
2026-05-10,0.029547473415714644
2026-05-10,-9999
2026-05-10,-9999
2026-05-10,-9999
2026-05-10,-9999
2026-05-10,-9999
2026-05-10,-9999
2026-05-10,-9999
2026-05-10,-9999
2026-05-10,-9999
2026-05-10,-9999
2026-05-11,-9999
2026-05-11,-9999
2026-05-11,-9999
2026-05-11,0.02814401774611432
2026-05-11,-9999
2026-05-11,-9999
2026-05-11,-9999
2026-05-11,-9999
2026-05-11,-9999
2026-05-11,-9999
2026-05-11,-9999
2026-05-11,-9999
2026-05-11,-9999
2026-05-11,-9999
2026-05-12,-9999
2026-05-12,-9999
2026-05-12,-9999
2026-05-12,0.01869213022290538
2026-05-12,-9999
2026-05-12,-9999
2026-05-12,-9999
2026-05-12,-9999
2026-05-12,-9999
2026-05-12,-9999
2026-05-12,-9999
2026-05-12,-9999
2026-05-12,-9999
2026-05-12,-9999
2026-05-13,-9999
2026-05-13,-9999
2026-05-13,-9999
2026-05-13,-9999
2026-05-13,-9999
2026-05-13,-9999
2026-05-13,-9999
2026-05-13,-9999
2026-05-13,-9999
2026-05-13,-9999
2026-05-13,-9999
2026-05-13,-9999
2026-05-13,-9999
2026-05-13,-9999
2026-05-14,-9999
2026-05-14,-9999
2026-05-14,-9999
2026-05-14,0.025886314041719656
2026-05-14,-9999
2026-05-14,-9999
2026-05-14,-9999
2026-05-14,-9999
2026-05-14,-9999
2026-05-14,-9999
2026-05-14,-9999
2026-05-14,-9999
2026-05-14,-9999
2026-05-14,-9999
2026-05-14,-9999
2026-05-15,-9999
2026-05-15,-9999
2026-05-15,-9999
2026-05-15,0.026843162253482915
2026-05-15,-9999
2026-05-15,-9999
2026-05-15,-9999
2026-05-15,-9999
2026-05-15,-9999
2026-05-15,-9999
2026-05-15,-9999
2026-05-15,-9999
2026-05-15,-9999
2026-05-15,-9999
2026-05-16,-9999
2026-05-16,-9999
2026-05-16,-9999
2026-05-16,-9999
2026-05-16,-9999
2026-05-16,-9999
2026-05-16,-9999
2026-05-16,-9999
2026-05-16,-9999
2026-05-16,-9999
2026-05-16,-9999
2026-05-16,-9999
2026-05-16,-9999
2026-05-16,-9999
2026-05-17,-9999
2026-05-17,-9999
2026-05-17,-9999
2026-05-17,0.023931146669487167
2026-05-17,-9999
2026-05-17,-9999
2026-05-17,-9999
2026-05-17,-9999
2026-05-17,-9999
2026-05-17,-9999
2026-05-17,-9999
2026-05-17,-9999
2026-05-17,-9999
2026-05-17,-9999
2026-05-18,-9999
2026-05-18,-9999
2026-05-18,-9999
2026-05-18,-9999
2026-05-18,-9999
2026-05-18,-9999
2026-05-18,-9999
2026-05-18,-9999
2026-05-18,-9999
2026-05-18,-9999
2026-05-18,-9999
2026-05-18,-9999
2026-05-18,-9999
2026-05-18,-9999
2026-05-19,-9999
2026-05-19,-9999
2026-05-19,-9999
2026-05-19,0.030935587361436388
2026-05-19,-9999
2026-05-19,-9999
2026-05-19,-9999
2026-05-19,-9999
2026-05-19,-9999
2026-05-19,-9999
2026-05-19,-9999
2026-05-19,-9999
2026-05-19,-9999
2026-05-19,-9999
2026-05-19,-9999
2026-05-20,-9999
2026-05-20,-9999
2026-05-20,-9999
2026-05-20,0.030955350939028358
2026-05-20,-9999
2026-05-20,-9999
2026-05-20,-9999
2026-05-20,-9999
2026-05-20,-9999
2026-05-20,-9999
2026-05-20,-9999
2026-05-20,-9999
2026-05-20,-9999
2026-05-20,-9999
2026-05-21,-9999
2026-05-21,-9999
2026-05-21,-9999
2026-05-21,-9999
2026-05-21,-9999
2026-05-21,-9999
2026-05-21,-9999
2026-05-21,-9999
2026-05-21,-9999
2026-05-21,-9999
2026-05-21,-9999
2026-05-21,-9999
2026-05-21,-9999
2026-05-21,-9999
2026-05-22,-9999
2026-05-22,-9999
2026-05-22,-9999
2026-05-22,-9999
2026-05-22,-9999
2026-05-22,-9999
2026-05-22,-9999
2026-05-22,-9999
2026-05-22,-9999
2026-05-22,-9999
2026-05-22,-9999
2026-05-22,-9999
2026-05-22,-9999
2026-05-22,-9999
2026-05-23,-9999
2026-05-23,-9999
2026-05-23,-9999
2026-05-23,0.024915696257107624
2026-05-23,-9999
2026-05-23,-9999
2026-05-23,-9999
2026-05-23,-9999
2026-05-23,-9999
2026-05-23,-9999
2026-05-23,-9999
2026-05-23,-9999
2026-05-23,-9999
2026-05-23,-9999
2026-05-24,-9999
2026-05-24,-9999
2026-05-24,-9999
2026-05-24,0.02732861787079124
2026-05-24,-9999
2026-05-24,-9999
2026-05-24,-9999
2026-05-24,-9999
2026-05-24,-9999
2026-05-24,-9999
2026-05-24,-9999
2026-05-24,-9999
2026-05-24,-9999
2026-05-24,-9999
2026-05-25,-9999
2026-05-25,-9999
2026-05-25,-9999
2026-05-25,-9999
2026-05-25,-9999
2026-05-26,-9999
2026-05-26,-9999
2026-05-26,-9999
2026-05-26,0.031630631536226354
2026-05-26,-9999
2026-05-26,-9999
2026-05-26,-9999
2026-05-26,-9999
2026-05-26,-9999
2026-05-26,-9999
2026-05-26,-9999
2026-05-26,-9999
2026-05-26,-9999
2026-05-26,-9999
2026-05-27,-9999
2026-05-27,-9999
2026-05-27,-9999
2026-05-27,0.030723448842745454
2026-05-27,-9999
2026-05-27,-9999
2026-05-27,-9999
2026-05-27,-9999
2026-05-27,-9999
2026-05-27,-9999
2026-05-27,-9999
2026-05-27,-9999
2026-05-27,-9999
2026-05-27,-9999
2026-05-28,-9999
2026-05-28,-9999
2026-05-28,-9999
2026-05-28,-9999
2026-05-28,-9999
2026-05-28,-9999
2026-05-28,-9999
2026-05-28,-9999
2026-05-28,-9999
2026-05-28,-9999
2026-05-28,-9999
2026-05-28,-9999
2026-05-28,-9999
2026-05-28,-9999
2026-05-29,-9999
2026-05-29,-9999
2026-05-29,-9999
2026-05-29,0.037304386496521486
2026-05-29,-9999
2026-05-29,-9999
2026-05-29,-9999
2026-05-29,-9999
2026-05-29,-9999
2026-05-29,-9999
2026-05-29,-9999
2026-05-29,-9999
2026-05-29,-9999
2026-05-29,-9999
2026-05-30,-9999
2026-05-30,-9999
2026-05-30,-9999
2026-05-30,0.02766822204330456
2026-05-30,-9999
2026-05-30,-9999
2026-05-30,-9999
2026-05-30,-9999
2026-05-30,-9999
2026-05-30,-9999
2026-05-30,-9999
2026-05-30,-9999
2026-05-30,-9999
2026-05-30,-9999
2026-05-30,-9999
2026-05-31,-9999
2026-05-31,-9999
2026-05-31,-9999
2026-05-31,0.028827687725407457
2026-05-31,-9999
2026-05-31,-9999
2026-05-31,-9999
2026-05-31,-9999
2026-05-31,-9999
2026-05-31,-9999
2026-05-31,-9999
2026-05-31,-9999
2026-05-31,-9999
2026-05-31,-9999
2026-06-01,-9999
2026-06-01,-9999
2026-06-01,-9999
2026-06-01,0.0252322237938491
2026-06-01,-9999
2026-06-01,-9999
2026-06-01,-9999
2026-06-01,-9999
2026-06-01,-9999
2026-06-01,-9999
2026-06-01,-9999
2026-06-01,-9999
2026-06-01,-9999
2026-06-01,-9999
2026-06-02,-9999
2026-06-02,-9999
2026-06-02,-9999
2026-06-02,0.025349022820576706
2026-06-02,-9999
2026-06-02,-9999
2026-06-02,-9999
2026-06-02,-9999
2026-06-02,-9999
2026-06-02,-9999
2026-06-02,-9999
2026-06-02,-9999
2026-06-02,-9999
2026-06-02,-9999
2026-06-03,-9999
2026-06-03,-9999
2026-06-03,-9999
2026-06-03,0.030715251341443695
2026-06-03,-9999
2026-06-03,-9999
2026-06-03,-9999
2026-06-03,-9999
2026-06-03,-9999
2026-06-03,-9999
2026-06-03,-9999
2026-06-03,-9999
2026-06-03,-9999
2026-06-03,-9999
2026-06-04,-9999
2026-06-04,-9999
2026-06-04,-9999
2026-06-04,0.026529114693387316
2026-06-04,-9999
2026-06-04,-9999
2026-06-04,-9999
2026-06-04,-9999
2026-06-04,-9999
2026-06-04,-9999
2026-06-04,-9999
2026-06-04,-9999
2026-06-04,-9999
2026-06-04,-9999
2026-06-04,-9999
2026-06-05,-9999
2026-06-05,-9999
2026-06-05,-9999
2026-06-05,-9999
2026-06-05,-9999
2026-06-05,-9999
2026-06-05,-9999
2026-06-05,-9999
2026-06-05,-9999
2026-06-05,-9999
2026-06-05,-9999
2026-06-05,-9999
2026-06-05,-9999
2026-06-05,-9999
2026-06-06,-9999
2026-06-06,-9999
2026-06-06,-9999
2026-06-06,0.023652449782867953
2026-06-06,-9999
2026-06-06,-9999
2026-06-06,-9999
2026-06-06,-9999
2026-06-06,-9999
2026-06-06,-9999
2026-06-06,-9999
2026-06-06,-9999
2026-06-06,-9999
2026-06-06,-9999
2026-06-07,-9999
2026-06-07,-9999
2026-06-07,-9999
2026-06-07,0.024343600496635125
2026-06-07,-9999
2026-06-07,-9999
2026-06-07,-9999
2026-06-07,-9999
2026-06-07,-9999
2026-06-07,-9999
2026-06-07,-9999
2026-06-07,-9999
2026-06-07,-9999
2026-06-07,-9999
2026-06-08,-9999
2026-06-08,-9999
2026-06-08,-9999
2026-06-08,-9999
2026-06-08,-9999
2026-06-08,-9999
2026-06-08,-9999
2026-06-08,-9999
2026-06-08,-9999
2026-06-08,-9999
2026-06-08,-9999
2026-06-08,-9999
2026-06-08,-9999
2026-06-08,-9999
2026-06-09,-9999
2026-06-09,-9999
2026-06-09,-9999
2026-06-09,0.029872030019742195
2026-06-09,-9999
2026-06-09,-9999
2026-06-09,-9999
2026-06-09,-9999
2026-06-09,-9999
2026-06-09,-9999
2026-06-09,-9999
2026-06-09,-9999
2026-06-09,-9999
2026-06-09,-9999
2026-06-09,-9999
2026-06-10,-9999
2026-06-10,-9999
2026-06-10,-9999
2026-06-10,0.03298801183698581
2026-06-10,-9999
2026-06-10,-9999
2026-06-10,-9999
2026-06-10,-9999
2026-06-10,-9999
2026-06-10,-9999
2026-06-10,-9999
2026-06-10,-9999
2026-06-10,-9999
2026-06-10,-9999
2026-06-11,-9999
2026-06-11,-9999
2026-06-11,-9999
2026-06-11,0.03219472989438031
2026-06-11,-9999
2026-06-11,-9999
2026-06-11,-9999
2026-06-11,-9999
2026-06-11,-9999
2026-06-11,-9999
2026-06-11,-9999
2026-06-11,-9999
2026-06-11,-9999
2026-06-11,-9999
2026-06-12,-9999
2026-06-12,-9999
2026-06-12,-9999
2026-06-12,-9999
2026-06-12,-9999
2026-06-12,-9999
2026-06-12,-9999
2026-06-12,-9999
2026-06-12,-9999
2026-06-12,-9999
2026-06-12,-9999
2026-06-12,-9999
2026-06-12,-9999
2026-06-12,-9999
2026-06-13,-9999
2026-06-13,-9999
2026-06-13,-9999
2026-06-13,-9999
2026-06-13,-9999
2026-06-13,-9999
2026-06-13,-9999
2026-06-13,-9999
2026-06-13,-9999
2026-06-13,-9999
2026-06-13,-9999
2026-06-13,-9999
2026-06-13,-9999
2026-06-13,-9999
2026-06-14,-9999
2026-06-14,-9999
2026-06-14,-9999
2026-06-14,0.02861118316648673
2026-06-14,-9999
2026-06-14,-9999
2026-06-14,-9999
2026-06-14,-9999
2026-06-14,-9999
2026-06-14,-9999
2026-06-14,-9999
2026-06-14,-9999
2026-06-14,-9999
2026-06-14,-9999
2026-06-15,-9999
2026-06-15,-9999
2026-06-15,-9999
2026-06-15,0.029067786410433484
2026-06-15,-9999
2026-06-15,-9999
2026-06-15,-9999
2026-06-15,-9999
2026-06-15,-9999
2026-06-15,-9999
2026-06-15,-9999
2026-06-15,-9999
2026-06-15,-9999
2026-06-15,-9999
2026-06-15,-9999
2026-06-16,-9999
2026-06-16,-9999
2026-06-16,-9999
2026-06-16,0.02657882310448481
2026-06-16,-9999
2026-06-16,-9999
2026-06-16,-9999
2026-06-16,-9999
2026-06-16,-9999
2026-06-16,-9999
2026-06-16,-9999
2026-06-16,-9999
2026-06-16,-9999
2026-06-16,-9999
2026-06-17,-9999
2026-06-17,-9999
2026-06-17,-9999
2026-06-17,0.027781337710558664
2026-06-17,-9999
2026-06-17,-9999
2026-06-17,-9999
2026-06-17,-9999
2026-06-17,-9999
2026-06-17,-9999
2026-06-17,-9999
2026-06-17,-9999
2026-06-17,-9999
2026-06-17,-9999
2026-06-18,-9999
2026-06-18,-9999
2026-06-18,-9999
2026-06-18,0.02590883934047848
2026-06-18,-9999
2026-06-18,-9999
2026-06-18,-9999
2026-06-18,-9999
2026-06-18,-9999
2026-06-18,-9999
2026-06-18,-9999
2026-06-18,-9999
2026-06-18,-9999
2026-06-18,-9999
2026-06-19,-9999
2026-06-19,-9999
2026-06-19,-9999
2026-06-19,0.027427138760669455
2026-06-19,-9999
2026-06-19,-9999
2026-06-19,-9999
2026-06-19,-9999
2026-06-19,-9999
2026-06-19,-9999
2026-06-19,-9999
2026-06-19,-9999
2026-06-19,-9999
2026-06-19,-9999
2026-06-20,-9999
2026-06-20,-9999
2026-06-20,-9999
2026-06-20,-9999
2026-06-20,-9999
2026-06-20,-9999
2026-06-20,-9999
2026-06-20,-9999
2026-06-20,-9999
2026-06-20,-9999
2026-06-20,-9999
2026-06-20,-9999
2026-06-20,-9999
2026-06-20,-9999
2026-06-20,-9999
2026-06-21,-9999
2026-06-21,-9999
2026-06-21,-9999
2026-06-21,0.026065433397873487
2026-06-21,-9999
2026-06-21,-9999
2026-06-21,-9999
2026-06-21,-9999
2026-06-21,-9999
2026-06-21,-9999
2026-06-21,-9999
2026-06-21,-9999
2026-06-21,-9999
2026-06-21,-9999
2026-06-22,-9999
2026-06-22,-9999
2026-06-22,-9999
2026-06-22,0.025530274957403114
2026-06-22,-9999
2026-06-22,-9999
2026-06-22,-9999
2026-06-22,-9999
2026-06-22,-9999
2026-06-22,-9999
2026-06-22,-9999
2026-06-22,-9999
2026-06-22,-9999
2026-06-22,-9999
2026-06-23,-9999
2026-06-23,-9999
2026-06-23,-9999
2026-06-23,0.028903903439623645
2026-06-23,-9999
2026-06-23,-9999
2026-06-23,-9999
2026-06-23,-9999
2026-06-23,-9999
2026-06-23,-9999
2026-06-23,-9999
2026-06-23,-9999
2026-06-23,-9999
2026-06-23,-9999
2026-06-24,-9999
2026-06-24,-9999
2026-06-24,-9999
2026-06-24,0.027826058851999475
2026-06-24,-9999
2026-06-24,-9999
2026-06-24,-9999
2026-06-24,-9999
2026-06-24,-9999
2026-06-24,-9999
2026-06-24,-9999
2026-06-24,-9999
2026-06-24,-9999
2026-06-24,-9999
2026-06-25,-9999
2026-06-25,-9999
2026-06-25,-9999
2026-06-25,0.026810722425563926
2026-06-25,-9999
2026-06-25,-9999
2026-06-25,-9999
2026-06-25,-9999
2026-06-25,-9999
2026-06-25,-9999
2026-06-25,-9999
2026-06-25,-9999
2026-06-25,-9999
2026-06-25,-9999
2026-06-25,-9999
2026-06-26,-9999
2026-06-26,-9999
2026-06-26,-9999
2026-06-26,0.025280892848953327
2026-06-26,-9999
2026-06-26,-9999
2026-06-26,-9999
2026-06-26,-9999
2026-06-26,-9999
2026-06-26,-9999
2026-06-26,-9999
2026-06-26,-9999
2026-06-26,-9999
2026-06-26,-9999
2026-06-27,-9999
2026-06-27,-9999
2026-06-27,-9999
2026-06-27,-9999
2026-06-27,-9999
2026-06-27,-9999
2026-06-27,-9999
2026-06-27,-9999
2026-06-27,-9999
2026-06-27,-9999
2026-06-27,-9999
2026-06-27,-9999
2026-06-27,-9999
2026-06-27,-9999
2026-06-28,-9999
2026-06-28,-9999
2026-06-28,-9999
2026-06-28,0.02448772825299223
2026-06-28,-9999
2026-06-28,-9999
2026-06-28,-9999
2026-06-28,-9999
2026-06-28,-9999
2026-06-28,-9999
2026-06-28,-9999
2026-06-28,-9999
2026-06-28,-9999
2026-06-28,-9999
2026-06-29,-9999
2026-06-29,-9999
2026-06-29,-9999
2026-06-29,-9999
2026-06-29,-9999
2026-06-29,-9999
2026-06-29,-9999
2026-06-29,-9999
2026-06-29,-9999
2026-06-29,-9999
2026-06-29,-9999
2026-06-29,-9999
2026-06-29,-9999
2026-06-29,-9999
2026-06-30,-9999
2026-06-30,-9999
2026-06-30,-9999
2026-06-30,0.024768149480208786
2026-06-30,-9999
2026-06-30,-9999
2026-06-30,-9999
2026-06-30,-9999
2026-06-30,-9999
2026-06-30,-9999
2026-06-30,-9999
2026-06-30,-9999
2026-06-30,-9999
2026-06-30,-9999
2026-07-01,-9999
2026-07-01,-9999
2026-07-01,-9999
2026-07-01,0.03186831339266457
2026-07-01,-9999
2026-07-01,-9999
2026-07-01,-9999
2026-07-01,-9999
2026-07-01,-9999
2026-07-01,-9999
2026-07-01,-9999
2026-07-01,-9999
2026-07-01,-9999
2026-07-01,-9999
2026-07-01,-9999
2026-07-02,-9999
2026-07-02,-9999
2026-07-02,-9999
2026-07-02,0.0271630436181859
2026-07-02,-9999
2026-07-02,-9999
2026-07-02,-9999
2026-07-02,-9999
2026-07-02,-9999
2026-07-02,-9999
2026-07-02,-9999
2026-07-02,-9999
2026-07-02,-9999
2026-07-02,-9999
2026-07-03,-9999
2026-07-03,-9999
2026-07-03,-9999
2026-07-03,0.025158882141098175
2026-07-03,-9999
2026-07-03,-9999
2026-07-03,-9999
2026-07-03,-9999
2026-07-03,-9999
2026-07-03,-9999
2026-07-03,-9999
2026-07-03,-9999
2026-07-03,-9999
2026-07-03,-9999
2026-07-04,-9999
2026-07-04,-9999
2026-07-04,-9999
2026-07-04,0.022433007135973813
2026-07-04,-9999
2026-07-04,-9999
2026-07-04,-9999
2026-07-04,-9999
2026-07-04,-9999
2026-07-04,-9999
2026-07-04,-9999
2026-07-04,-9999
2026-07-04,-9999
2026-07-04,-9999
2026-07-05,-9999
2026-07-05,-9999
2026-07-05,-9999
2026-07-05,0.030121808871608768
2026-07-05,-9999
2026-07-05,-9999
2026-07-05,-9999
2026-07-05,-9999
2026-07-05,-9999
2026-07-05,-9999
2026-07-05,-9999
2026-07-05,-9999
2026-07-05,-9999
2026-07-05,-9999
2026-07-06,-9999
2026-07-06,-9999
2026-07-06,-9999
2026-07-06,0.03231875970957723
2026-07-06,-9999
2026-07-06,-9999
2026-07-06,-9999
2026-07-06,-9999
2026-07-06,-9999
2026-07-06,-9999
2026-07-06,-9999
2026-07-06,-9999
2026-07-06,-9999
2026-07-06,-9999
2026-07-06,-9999
2026-07-07,-9999
2026-07-07,-9999
2026-07-07,-9999
2026-07-07,0.02985845133660431
2026-07-07,-9999
2026-07-07,-9999
2026-07-07,-9999
2026-07-07,-9999
2026-07-07,-9999
2026-07-07,-9999
2026-07-07,-9999
2026-07-07,-9999
2026-07-07,-9999
2026-07-07,-9999
2026-07-08,-9999
2026-07-08,-9999
2026-07-08,-9999
2026-07-08,0.02570712566374189
2026-07-08,-9999
2026-07-08,-9999
2026-07-08,-9999
2026-07-08,-9999
2026-07-08,-9999
2026-07-08,-9999
2026-07-08,-9999
2026-07-08,-9999
2026-07-08,-9999
2026-07-08,-9999
2026-07-09,-9999
2026-07-09,-9999
2026-07-09,-9999
2026-07-09,0.030464828901828573
2026-07-09,-9999
2026-07-09,-9999
2026-07-09,-9999
2026-07-09,-9999
2026-07-09,-9999
2026-07-09,-9999
2026-07-09,-9999
2026-07-09,-9999
2026-07-09,-9999
2026-07-09,-9999
2026-07-10,-9999
2026-07-10,-9999
2026-07-10,-9999
2026-07-10,-9999
2026-07-10,-9999
2026-07-10,-9999
2026-07-10,-9999
2026-07-10,-9999
2026-07-10,-9999
2026-07-10,-9999
2026-07-10,-9999
2026-07-10,-9999
2026-07-10,-9999
2026-07-10,-9999
2026-07-11,-9999
2026-07-11,-9999
2026-07-11,-9999
2026-07-11,-9999
2026-07-11,-9999
2026-07-11,-9999
2026-07-11,-9999
2026-07-11,-9999
2026-07-11,-9999
2026-07-11,-9999
2026-07-11,-9999
2026-07-11,-9999
2026-07-11,-9999
2026-07-11,-9999
2026-07-11,-9999
2026-07-12,-9999
2026-07-12,-9999
2026-07-12,-9999
2026-07-12,0.03054482489822461
2026-07-12,-9999
2026-07-12,-9999
2026-07-12,-9999
2026-07-12,-9999
2026-07-12,-9999
2026-07-12,-9999
2026-07-12,-9999
2026-07-12,-9999
2026-07-12,-9999
2026-07-12,-9999
2026-07-13,-9999
2026-07-13,-9999
2026-07-13,-9999
2026-07-13,0.03359038382766614
2026-07-13,-9999
2026-07-13,-9999
2026-07-13,-9999
2026-07-13,-9999
2026-07-13,-9999
2026-07-13,-9999
2026-07-13,-9999
2026-07-13,-9999
2026-07-13,-9999
2026-07-13,-9999
2026-07-14,-9999
2026-07-14,-9999
2026-07-14,-9999
2026-07-14,-9999
2026-07-14,-9999
2026-07-14,-9999
2026-07-14,-9999
2026-07-14,-9999
2026-07-14,-9999
2026-07-14,-9999
2026-07-14,-9999
2026-07-14,-9999
2026-07-14,-9999
2026-07-14,-9999
2026-07-15,-9999
2026-07-15,-9999
2026-07-15,-9999
2026-07-15,0.027665700763447362
2026-07-15,-9999
2026-07-15,-9999
2026-07-15,-9999
2026-07-15,-9999
2026-07-15,-9999
2026-07-15,-9999
2026-07-15,-9999
2026-07-15,-9999
2026-07-15,-9999
2026-07-15,-9999
2026-07-16,-9999
2026-07-16,-9999
2026-07-16,-9999
2026-07-16,0.02549762114105408
2026-07-16,-9999
2026-07-16,-9999
2026-07-16,-9999
2026-07-16,-9999
2026-07-16,-9999
2026-07-16,-9999
2026-07-16,-9999
2026-07-16,-9999
2026-07-16,-9999
2026-07-16,-9999
2026-07-17,-9999
2026-07-17,-9999
2026-07-17,-9999
2026-07-17,0.02667552046476193
2026-07-17,-9999
2026-07-17,-9999
2026-07-17,-9999
2026-07-17,-9999
2026-07-17,-9999
2026-07-17,-9999
2026-07-17,-9999
2026-07-17,-9999
2026-07-17,-9999
2026-07-17,-9999
2026-07-17,-9999
2026-07-18,-9999
2026-07-18,-9999
2026-07-18,-9999
2026-07-18,0.030761798843722946
2026-07-18,-9999
2026-07-18,-9999
2026-07-18,-9999
2026-07-18,-9999
2026-07-18,-9999
2026-07-18,-9999
2026-07-18,-9999
2026-07-18,-9999
2026-07-18,-9999
2026-07-18,-9999
2026-07-19,-9999
2026-07-19,-9999
2026-07-19,-9999
2026-07-19,0.029828129336219998
2026-07-19,-9999
2026-07-19,-9999
2026-07-19,-9999
2026-07-19,-9999
2026-07-19,-9999
2026-07-19,-9999
2026-07-19,-9999
2026-07-19,-9999
2026-07-19,-9999
2026-07-19,-9999
2026-07-20,-9999
2026-07-20,-9999
2026-07-20,-9999
2026-07-20,0.024537943884224138
2026-07-20,-9999
2026-07-20,-9999
2026-07-20,-9999
2026-07-20,-9999
2026-07-20,-9999
2026-07-20,-9999
2026-07-20,-9999
2026-07-20,-9999
2026-07-20,-9999
2026-07-20,-9999
2026-07-21,-9999
2026-07-21,-9999
2026-07-21,-9999
2026-07-21,0.03449892625210598
2026-07-21,-9999
2026-07-21,-9999
2026-07-21,-9999
2026-07-21,-9999
2026-07-21,-9999
2026-07-21,-9999
2026-07-21,-9999
2026-07-21,-9999
2026-07-21,-9999
2026-07-21,-9999
2026-07-22,-9999
2026-07-22,-9999
2026-07-22,-9999
2026-07-22,0.03375256806609988
2026-07-22,-9999
2026-07-22,-9999
2026-07-22,-9999
2026-07-22,-9999
2026-07-22,-9999
2026-07-22,-9999
2026-07-22,-9999
2026-07-22,-9999
2026-07-22,-9999
2026-07-22,-9999
2026-07-22,-9999
2026-07-23,-9999
2026-07-23,-9999
2026-07-23,-9999
2026-07-23,0.03769658878443362
2026-07-23,-9999
2026-07-23,-9999
2026-07-23,-9999
2026-07-23,-9999
2026-07-23,-9999
2026-07-23,-9999
2026-07-23,-9999
2026-07-23,-9999
2026-07-23,-9999
2026-07-23,-9999
2026-07-24,-9999
2026-07-24,-9999
2026-07-24,-9999
2026-07-24,0.03211528807876566
2026-07-24,-9999
2026-07-24,-9999
2026-07-24,-9999
2026-07-24,-9999
2026-07-24,-9999
2026-07-24,-9999
2026-07-24,-9999
2026-07-24,-9999
2026-07-24,-9999
2026-07-24,-9999
2026-07-25,-9999
2026-07-25,-9999
2026-07-25,-9999
2026-07-25,0.024542050436124372
2026-07-25,-9999
2026-07-25,-9999
2026-07-25,-9999
2026-07-25,-9999
2026-07-25,-9999
2026-07-25,-9999
2026-07-25,-9999
2026-07-25,-9999
2026-07-25,-9999
2026-07-25,-9999
2026-07-26,-9999
2026-07-26,-9999
2026-07-26,-9999
2026-07-26,0.028797533363086575
2026-07-26,-9999
2026-07-26,-9999
2026-07-26,-9999
2026-07-26,-9999
2026-07-26,-9999
2026-07-26,-9999
2026-07-26,-9999
2026-07-26,-9999
2026-07-26,-9999
2026-07-26,-9999
2026-07-27,-9999
2026-07-27,-9999
2026-07-27,-9999
2026-07-27,-9999
2026-07-27,-9999
2026-07-27,-9999
2026-07-27,-9999
2026-07-27,-9999
2026-07-27,-9999
2026-07-27,-9999
2026-07-27,-9999
2026-07-27,-9999
2026-07-27,-9999
2026-07-27,-9999
2026-07-27,-9999
2026-07-28,-9999
2026-07-28,-9999
2026-07-28,-9999
2026-07-28,0.03191500529644957
2026-07-28,-9999
2026-07-28,-9999
2026-07-28,-9999
2026-07-28,-9999
2026-07-28,-9999
2026-07-28,-9999
2026-07-28,-9999
2026-07-28,-9999
2026-07-28,-9999
2026-07-28,-9999
2026-07-29,-9999
2026-07-29,-9999
2026-07-29,-9999
2026-07-29,0.031045207753758863
2026-07-29,-9999
2026-07-29,-9999
2026-07-29,-9999
2026-07-29,-9999
2026-07-29,-9999
2026-07-29,-9999
2026-07-29,-9999
2026-07-29,-9999
2026-07-29,-9999
2026-07-29,-9999
2026-07-30,-9999
2026-07-30,-9999
2026-07-30,-9999
2026-07-30,0.030356224626284494
2026-07-30,-9999
2026-07-30,-9999
2026-07-30,-9999
2026-07-30,-9999
2026-07-30,-9999
2026-07-30,-9999
2026-07-30,-9999
2026-07-30,-9999
2026-07-30,-9999
2026-07-30,-9999
2026-07-31,-9999
2026-07-31,-9999
2026-07-31,-9999
2026-07-31,0.036115713417508376
2026-07-31,-9999
2026-07-31,-9999
2026-07-31,-9999
2026-07-31,-9999
2026-07-31,-9999
2026-07-31,-9999
2026-07-31,-9999
2026-07-31,-9999
2026-07-31,-9999
2026-07-31,-9999
2026-08-01,-9999
2026-08-01,-9999
2026-08-01,-9999
2026-08-01,0.03235626965759242
2026-08-01,-9999
2026-08-01,-9999
2026-08-01,-9999
2026-08-01,-9999
2026-08-01,-9999
2026-08-01,-9999
2026-08-01,-9999
2026-08-01,-9999
2026-08-01,-9999
2026-08-01,-9999
2026-08-02,-9999
2026-08-02,-9999
2026-08-02,-9999
2026-08-02,0.03062863089142391
2026-08-02,-9999
2026-08-02,-9999
2026-08-02,-9999
2026-08-02,-9999
2026-08-02,-9999
2026-08-02,-9999
2026-08-02,-9999
2026-08-02,-9999
2026-08-02,-9999
2026-08-02,-9999
2026-08-02,-9999
2026-08-03,-9999
2026-08-03,-9999
2026-08-03,-9999
2026-08-03,0.0225743831902604
2026-08-03,-9999
2026-08-03,-9999
2026-08-03,-9999
2026-08-03,-9999
2026-08-03,-9999
2026-08-03,-9999
2026-08-03,-9999
2026-08-03,-9999
2026-08-03,-9999
2026-08-03,-9999
2026-08-04,-9999
2026-08-04,-9999
2026-08-04,-9999
2026-08-04,0.030696293604642814
2026-08-04,-9999
2026-08-04,-9999
2026-08-04,-9999
2026-08-04,-9999
2026-08-04,-9999
2026-08-04,-9999
2026-08-04,-9999
2026-08-04,-9999
2026-08-04,-9999
2026-08-04,-9999
2026-08-05,-9999
2026-08-05,-9999
2026-08-05,-9999
2026-08-05,0.02818851082917252
2026-08-05,-9999
2026-08-05,-9999
2026-08-05,-9999
2026-08-05,-9999
2026-08-05,-9999
2026-08-05,-9999
2026-08-05,-9999
2026-08-05,-9999
2026-08-05,-9999
2026-08-05,-9999
2026-08-06,-9999
2026-08-06,-9999
2026-08-06,-9999
2026-08-06,0.03165065497158057
2026-08-06,-9999
2026-08-06,-9999
2026-08-06,-9999
2026-08-06,-9999
2026-08-06,-9999
2026-08-06,-9999
2026-08-06,-9999
2026-08-06,-9999
2026-08-06,-9999
2026-08-06,-9999
2026-08-07,-9999
2026-08-07,-9999
2026-08-07,-9999
2026-08-07,0.03051149328715745
2026-08-07,-9999
2026-08-07,-9999
2026-08-07,-9999
2026-08-07,-9999
2026-08-07,-9999
2026-08-07,-9999
2026-08-07,-9999
2026-08-07,-9999
2026-08-07,-9999
2026-08-07,-9999
2026-08-07,-9999
2026-08-08,-9999
2026-08-08,-9999
2026-08-08,-9999
2026-08-08,0.03055123984811856
2026-08-08,-9999
2026-08-08,-9999
2026-08-08,-9999
2026-08-08,-9999
2026-08-08,-9999
2026-08-08,-9999
2026-08-08,-9999
2026-08-08,-9999
2026-08-08,-9999
2026-08-08,-9999
2026-08-09,-9999
2026-08-09,-9999
2026-08-09,-9999
2026-08-09,0.02701759338377284
2026-08-09,-9999
2026-08-09,-9999
2026-08-09,-9999
2026-08-09,-9999
2026-08-09,-9999
2026-08-09,-9999
2026-08-09,-9999
2026-08-09,-9999
2026-08-09,-9999
2026-08-09,-9999
2026-08-10,-9999
2026-08-10,-9999
2026-08-10,-9999
2026-08-10,0.035993658006169646
2026-08-10,-9999
2026-08-10,-9999
2026-08-10,-9999
2026-08-10,-9999
2026-08-10,-9999
2026-08-10,-9999
2026-08-10,-9999
2026-08-10,-9999
2026-08-10,-9999
2026-08-10,-9999
2026-08-11,-9999
2026-08-11,-9999
2026-08-11,-9999
2026-08-11,0.03734502264408076
2026-08-11,-9999
2026-08-11,-9999
2026-08-11,-9999
2026-08-11,-9999
2026-08-11,-9999
2026-08-11,-9999
2026-08-11,-9999
2026-08-11,-9999
2026-08-11,-9999
2026-08-11,-9999
2026-08-12,-9999
2026-08-12,-9999
2026-08-12,-9999
2026-08-12,0.027017692705238794
2026-08-12,-9999
2026-08-12,-9999
2026-08-12,-9999
2026-08-12,-9999
2026-08-12,-9999
2026-08-12,-9999
2026-08-12,-9999
2026-08-12,-9999
2026-08-12,-9999
2026-08-12,-9999
2026-08-12,-9999
2026-08-13,-9999
2026-08-13,-9999
2026-08-13,-9999
2026-08-13,0.029685575515013992
2026-08-13,-9999
2026-08-13,-9999
2026-08-13,-9999
2026-08-13,-9999
2026-08-13,-9999
2026-08-13,-9999
2026-08-13,-9999
2026-08-13,-9999
2026-08-13,-9999
2026-08-13,-9999
2026-08-14,-9999
2026-08-14,-9999
2026-08-14,-9999
2026-08-14,0.03408842906353811
2026-08-14,-9999
2026-08-14,-9999
2026-08-14,-9999
2026-08-14,-9999
2026-08-14,-9999
2026-08-14,-9999
2026-08-14,-9999
2026-08-14,-9999
2026-08-14,-9999
2026-08-14,-9999
2026-08-15,-9999
2026-08-15,-9999
2026-08-15,-9999
2026-08-15,0.033711835741976524
2026-08-15,-9999
2026-08-15,-9999
2026-08-15,-9999
2026-08-15,-9999
2026-08-15,-9999
2026-08-15,-9999
2026-08-15,-9999
2026-08-15,-9999
2026-08-15,-9999
2026-08-15,-9999
2026-08-16,-9999
2026-08-16,-9999
2026-08-16,-9999
2026-08-16,0.036737002432324285
2026-08-16,-9999
2026-08-16,-9999
2026-08-16,-9999
2026-08-16,-9999
2026-08-16,-9999
2026-08-16,-9999
2026-08-16,-9999
2026-08-16,-9999
2026-08-16,-9999
2026-08-16,-9999
2026-08-17,-9999
2026-08-17,-9999
2026-08-17,-9999
2026-08-17,0.030717551158800566
2026-08-17,-9999
2026-08-17,-9999
2026-08-17,-9999
2026-08-17,-9999
2026-08-17,-9999
2026-08-17,-9999
2026-08-17,-9999
2026-08-17,-9999
2026-08-17,-9999
2026-08-17,-9999
2026-08-18,-9999
2026-08-18,-9999
2026-08-18,-9999
2026-08-18,0.03235308453438724
2026-08-18,-9999
2026-08-18,-9999
2026-08-18,-9999
2026-08-18,-9999
2026-08-18,-9999
2026-08-18,-9999
2026-08-18,-9999
2026-08-18,-9999
2026-08-18,-9999
2026-08-18,-9999
2026-08-18,-9999
2026-08-19,-9999
2026-08-19,-9999
2026-08-19,-9999
2026-08-19,0.024159492120832703
2026-08-19,-9999
2026-08-19,-9999
2026-08-19,-9999
2026-08-19,-9999
2026-08-19,-9999
2026-08-19,-9999
2026-08-19,-9999
2026-08-19,-9999
2026-08-19,-9999
2026-08-19,-9999
2026-08-20,-9999
2026-08-20,-9999
2026-08-20,-9999
2026-08-20,0.02562927082179438
2026-08-20,-9999
2026-08-20,-9999
2026-08-20,-9999
2026-08-20,-9999
2026-08-20,-9999
2026-08-20,-9999
2026-08-20,-9999
2026-08-20,-9999
2026-08-20,-9999
2026-08-20,-9999
2026-08-21,-9999
2026-08-21,-9999
2026-08-21,-9999
2026-08-21,0.02722989395259176
2026-08-21,-9999
2026-08-21,-9999
2026-08-21,-9999
2026-08-21,-9999
2026-08-21,-9999
2026-08-21,-9999
2026-08-21,-9999
2026-08-21,-9999
2026-08-21,-9999
2026-08-21,-9999
2026-08-22,-9999
2026-08-22,-9999
2026-08-22,-9999
2026-08-22,-9999
2026-08-22,-9999
2026-08-22,-9999
2026-08-22,-9999
2026-08-22,-9999
2026-08-22,-9999
2026-08-22,-9999
2026-08-22,-9999
2026-08-22,-9999
2026-08-22,-9999
2026-08-22,-9999
2026-08-23,-9999
2026-08-23,-9999
2026-08-23,-9999
2026-08-23,0.035021933520268646
2026-08-23,-9999
2026-08-23,-9999
2026-08-23,-9999
2026-08-23,-9999
2026-08-23,-9999
2026-08-23,-9999
2026-08-23,-9999
2026-08-23,-9999
2026-08-23,-9999
2026-08-23,-9999
2026-08-23,-9999
2026-08-24,-9999
2026-08-24,-9999
2026-08-24,-9999
2026-08-24,0.02969513460991984
2026-08-24,-9999
2026-08-24,-9999
2026-08-24,-9999
2026-08-24,-9999
2026-08-24,-9999
2026-08-24,-9999
2026-08-24,-9999
2026-08-24,-9999
2026-08-24,-9999
2026-08-24,-9999
2026-08-25,-9999
2026-08-25,-9999
2026-08-25,-9999
2026-08-25,0.02776446427136524
2026-08-25,-9999
2026-08-25,-9999
2026-08-25,-9999
2026-08-25,-9999
2026-08-25,-9999
2026-08-25,-9999
2026-08-25,-9999
2026-08-25,-9999
2026-08-25,-9999
2026-08-25,-9999
2026-08-26,-9999
2026-08-26,-9999
2026-08-26,-9999
2026-08-26,0.030543464571807323
2026-08-26,-9999
2026-08-26,-9999
2026-08-26,-9999
2026-08-26,-9999
2026-08-26,-9999
2026-08-26,-9999
2026-08-26,-9999
2026-08-26,-9999
2026-08-26,-9999
2026-08-26,-9999
2026-08-27,-9999
2026-08-27,-9999
2026-08-27,-9999
2026-08-27,0.03400807827709063
2026-08-27,-9999
2026-08-27,-9999
2026-08-27,-9999
2026-08-27,-9999
2026-08-27,-9999
2026-08-27,-9999
2026-08-27,-9999
2026-08-27,-9999
2026-08-27,-9999
2026-08-27,-9999
2026-08-28,-9999
2026-08-28,-9999
2026-08-28,-9999
2026-08-28,0.03408054634926657
2026-08-28,-9999
2026-08-28,-9999
2026-08-28,-9999
2026-08-28,-9999
2026-08-28,-9999
2026-08-28,-9999
2026-08-28,-9999
2026-08-28,-9999
2026-08-28,-9999
2026-08-28,-9999
2026-08-28,-9999
2026-08-29,-9999
2026-08-29,-9999
2026-08-29,-9999
2026-08-29,0.035355821251847976
2026-08-29,-9999
2026-08-29,-9999
2026-08-29,-9999
2026-08-29,-9999
2026-08-29,-9999
2026-08-29,-9999
2026-08-29,-9999
2026-08-29,-9999
2026-08-29,-9999
2026-08-29,-9999
2026-08-30,-9999
2026-08-30,-9999
2026-08-30,-9999
2026-08-30,0.03555393168002548
2026-08-30,-9999
2026-08-30,-9999
2026-08-30,-9999
2026-08-30,-9999
2026-08-30,-9999
2026-08-30,-9999
2026-08-30,-9999
2026-08-30,-9999
2026-08-30,-9999
2026-08-30,-9999
