Tanggal,NO2,NO2_imputed,is_outlier
2025-01-01,,8.461036071698924e-05,False
2025-01-02,,8.461036071698924e-05,False
2025-01-03,8.461036071698924e-05,8.461036071698924e-05,False
2025-01-04,6.352109817173461e-05,6.352109817173461e-05,False
2025-01-05,9.573981955771652e-05,9.573981955771652e-05,False
2025-01-06,6.41706469502846e-05,6.41706469502846e-05,False
2025-01-07,0.000143047746208,0.000143047746208,False
2025-01-08,6.567969317723087e-05,6.567969317723087e-05,False
2025-01-09,9.19085870172726e-05,9.19085870172726e-05,False
2025-01-10,9.903231282203872e-05,9.903231282203872e-05,False
2025-01-11,0.0001012719562198,0.0001012719562198,False
2025-01-12,7.435515407866981e-05,7.435515407866981e-05,False
2025-01-13,5.4959055462368686e-05,5.4959055462368686e-05,False
2025-01-14,7.796629388170148e-05,7.796629388170148e-05,False
2025-01-15,6.804609223173778e-05,6.804609223173778e-05,False
2025-01-16,0.0001086934911113,0.0001086934911113,False
2025-01-17,5.952494911905274e-05,5.952494911905274e-05,False
2025-01-18,7.448195778378953e-05,7.448195778378953e-05,False
2025-01-19,6.079164402278169e-05,6.079164402278169e-05,False
2025-01-20,8.546495759907947e-05,8.546495759907947e-05,False
2025-01-21,8.299809781722895e-05,8.299809781722895e-05,False
2025-01-22,0.0001046469899447,0.0001046469899447,False
2025-01-23,8.044831218517326e-05,8.044831218517326e-05,False
2025-01-24,7.43645912176424e-05,7.43645912176424e-05,False
2025-01-25,0.0001245525152479,0.0001245525152479,False
2025-01-26,0.0001015190095423,0.0001015190095423,False
2025-01-27,,8.895979651479065e-05,False
2025-01-28,7.640058348728128e-05,7.640058348728128e-05,False
2025-01-29,5.29833729500866e-05,5.29833729500866e-05,False
2025-01-30,3.0264011367650345e-05,3.0264011367650345e-05,False
2025-01-31,4.909170828476354e-05,4.909170828476354e-05,False
2025-02-01,7.18929453241003e-05,7.18929453241003e-05,False
2025-02-02,5.255547400418604e-05,5.255547400418604e-05,False
2025-02-03,6.807125809520666e-05,6.807125809520666e-05,False
2025-02-04,6.209118921053683e-05,6.209118921053683e-05,False
2025-02-05,3.1852660123414264e-05,3.1852660123414264e-05,False
2025-02-06,5.679709099904134e-05,5.679709099904134e-05,False
2025-02-07,9.92283453664526e-05,9.92283453664526e-05,False
2025-02-08,0.0001086268822279,0.0001086268822279,False
2025-02-09,5.613677676267869e-05,5.613677676267869e-05,False
2025-02-10,4.842311202389478e-05,4.842311202389478e-05,False
2025-02-11,6.114390243016555e-05,6.114390243016555e-05,False
2025-02-12,9.1048190611576e-05,9.1048190611576e-05,False
2025-02-13,9.82172869514004e-05,9.82172869514004e-05,False
2025-02-14,6.444182686200728e-05,6.444182686200728e-05,False
2025-02-15,6.662262797182383e-05,6.662262797182383e-05,False
2025-02-16,5.622959669976247e-05,5.622959669976247e-05,False
2025-02-17,7.61930416915672e-05,7.61930416915672e-05,False
2025-02-18,6.249522138233167e-05,6.249522138233167e-05,False
2025-02-19,0.0001118120057198,0.0001118120057198,False
2025-02-20,7.797188237921038e-05,7.797188237921038e-05,False
2025-02-21,4.170961895333628e-05,4.170961895333628e-05,False
2025-02-22,8.987412493250464e-05,8.987412493250464e-05,False
2025-02-23,5.626434477953525e-05,5.626434477953525e-05,False
2025-02-24,8.008006502002794e-05,8.008006502002794e-05,False
2025-02-25,9.108925088680736e-05,9.108925088680736e-05,False
2025-02-26,,0.00011169894787623823,False
2025-02-27,,0.00013230864486566912,False
2025-02-28,0.0001529183418551,0.0001529183418551,True
2025-03-01,5.790408358676815e-05,5.790408358676815e-05,False
2025-03-02,3.860459692819106e-05,3.860459692819106e-05,False
2025-03-03,4.536148501132647e-05,4.536148501132647e-05,False
2025-03-04,4.74855396207099e-05,4.74855396207099e-05,False
2025-03-05,3.913497143682928e-05,3.913497143682928e-05,False
2025-03-06,,5.719385867168285e-05,False
2025-03-07,7.525274590653642e-05,7.525274590653642e-05,False
2025-03-08,,4.5857484293540354e-05,False
2025-03-09,1.6462222680544288e-05,1.6462222680544288e-05,False
2025-03-10,4.763791578332289e-05,4.763791578332289e-05,False
2025-03-11,6.0069857734985655e-05,6.0069857734985655e-05,False
2025-03-12,6.554681883503678e-05,6.554681883503678e-05,False
2025-03-13,,8.428694119359118e-05,False
2025-03-14,,0.00010302706355214559,False
2025-03-15,0.0001217671859107,0.0001217671859107,False
2025-03-16,7.99881516568606e-05,7.99881516568606e-05,False
2025-03-17,6.674231662605134e-05,6.674231662605134e-05,False
2025-03-18,5.296487043847146e-05,5.296487043847146e-05,False
2025-03-19,,4.711532950521128e-05,False
2025-03-20,4.1265788571951104e-05,4.1265788571951104e-05,False
2025-03-21,0.000102318644825,0.000102318644825,False
2025-03-22,8.686825424592743e-05,8.686825424592743e-05,False
2025-03-23,,8.542660924359542e-05,False
2025-03-24,,8.398496424126341e-05,False
2025-03-25,8.25433192389314e-05,8.25433192389314e-05,False
2025-03-26,0.0001092663407844,0.0001092663407844,False
2025-03-27,9.857307748063675e-05,9.857307748063675e-05,False
2025-03-28,5.680327170418129e-05,5.680327170418129e-05,False
2025-03-29,3.5568521173218984e-05,3.5568521173218984e-05,False
2025-03-30,2.542228511916345e-05,2.542228511916345e-05,False
2025-03-31,5.62221005510958e-05,5.62221005510958e-05,False
2025-04-01,7.566002661205676e-05,7.566002661205676e-05,False
2025-04-02,,6.803363035545497e-05,False
2025-04-03,,6.040723409885319e-05,False
2025-04-04,5.27808378422514e-05,5.27808378422514e-05,False
2025-04-05,6.374443306822986e-05,6.374443306822986e-05,False
2025-04-06,6.477769676644685e-05,6.477769676644685e-05,False
2025-04-07,5.308388726572554e-05,5.308388726572554e-05,False
2025-04-08,5.045954402545684e-05,5.045954402545684e-05,False
2025-04-09,4.01387597401006e-05,4.01387597401006e-05,False
2025-04-10,6.683345895463787e-05,6.683345895463787e-05,False
2025-04-11,6.806419550876475e-05,6.806419550876475e-05,False
2025-04-12,,5.7634996894928393e-05,False
2025-04-13,4.720579828109204e-05,4.720579828109204e-05,False
2025-04-14,0.0001504014635045,0.0001504014635045,True
2025-04-15,,0.00013739578070170002,False
2025-04-16,0.0001243900978989,0.0001243900978989,False
2025-04-17,8.134662311098648e-05,8.134662311098648e-05,False
2025-04-18,6.715326154684489e-05,6.715326154684489e-05,False
2025-04-19,0.0001222472920701,0.0001222472920701,False
2025-04-20,,0.00011252869628435,False
2025-04-21,0.0001028101004986,0.0001028101004986,False
2025-04-22,0.00011937359293,0.00011937359293,False
2025-04-23,9.11434858986406e-05,9.11434858986406e-05,False
2025-04-24,0.0001552870037173,0.0001552870037173,True
2025-04-25,7.579236000225584e-05,7.579236000225584e-05,False
2025-04-26,8.447180607824139e-05,8.447180607824139e-05,False
2025-04-27,0.0001991648214491,0.0001991648214491,True
2025-04-28,6.346343568374581e-05,6.346343568374581e-05,False
2025-04-29,6.29358207689484e-05,6.29358207689484e-05,False
2025-04-30,6.572115512107869e-05,6.572115512107869e-05,False
2025-05-01,0.0001003019191517,0.0001003019191517,False
2025-05-02,6.459414944830716e-05,6.459414944830716e-05,False
2025-05-03,6.426837573090486e-05,6.426837573090486e-05,False
2025-05-04,5.4479207794371206e-05,5.4479207794371206e-05,False
2025-05-05,,5.7280325455775774e-05,False
2025-05-06,,6.0081443117180335e-05,False
2025-05-07,,6.28825607785849e-05,False
2025-05-08,,6.568367843998946e-05,False
2025-05-09,,6.848479610139404e-05,False
2025-05-10,7.12859137627986e-05,7.12859137627986e-05,False
2025-05-11,8.491049205160886e-05,8.491049205160886e-05,False
2025-05-12,7.35083727868764e-05,7.35083727868764e-05,False
2025-05-13,5.864963629965359e-05,5.864963629965359e-05,False
2025-05-14,4.887486725085654e-05,4.887486725085654e-05,False
2025-05-15,3.947590309865236e-05,3.947590309865236e-05,False
2025-05-16,2.288283063000736e-05,2.288283063000736e-05,False
2025-05-17,6.688103905321743e-05,6.688103905321743e-05,False
2025-05-18,6.104014569165481e-05,6.104014569165481e-05,False
2025-05-19,,6.305133486279228e-05,False
2025-05-20,6.506252403392974e-05,6.506252403392974e-05,False
2025-05-21,5.598126050172461e-05,5.598126050172461e-05,False
2025-05-22,6.891031416199938e-05,6.891031416199938e-05,False
2025-05-23,7.39066675551736e-05,7.39066675551736e-05,False
2025-05-24,6.582404886005169e-05,6.582404886005169e-05,False
2025-05-25,5.075978542076674e-05,5.075978542076674e-05,False
2025-05-26,,5.583191186972517e-05,False
2025-05-27,6.0904038318683606e-05,6.0904038318683606e-05,False
2025-05-28,8.17944309335338e-05,8.17944309335338e-05,False
2025-05-29,8.163694500133221e-05,8.163694500133221e-05,False
2025-05-30,6.968488700933315e-05,6.968488700933315e-05,False
2025-05-31,8.375706762618727e-05,8.375706762618727e-05,False
2025-06-01,8.524619263355444e-06,8.524619263355444e-06,False
2025-06-02,0.0001293423755283,0.0001293423755283,False
2025-06-03,6.745366561615018e-05,6.745366561615018e-05,False
2025-06-04,2.8959276278252448e-05,2.8959276278252448e-05,False
2025-06-05,9.09986666713804e-05,9.09986666713804e-05,False
2025-06-06,6.35458021881173e-05,6.35458021881173e-05,False
2025-06-07,0.0001008932490284,0.0001008932490284,False
2025-06-08,4.8418933561221176e-05,4.8418933561221176e-05,False
2025-06-09,7.443541941785849e-05,7.443541941785849e-05,False
2025-06-10,3.731232834991404e-05,3.731232834991404e-05,False
2025-06-11,6.293176638686602e-05,6.293176638686602e-05,False
2025-06-12,5.084166219813039e-05,5.084166219813039e-05,False
2025-06-13,8.576001441920194e-05,8.576001441920194e-05,False
2025-06-14,2.985266877072546e-05,2.985266877072546e-05,False
2025-06-15,4.882433909547171e-05,4.882433909547171e-05,False
2025-06-16,4.887907223395281e-05,4.887907223395281e-05,False
2025-06-17,7.274176109138432e-05,7.274176109138432e-05,False
2025-06-18,0.0001499775108541,0.0001499775108541,True
2025-06-19,0.0002111113989145,0.0002111113989145,True
2025-06-20,9.103679430810712e-05,9.103679430810712e-05,False
2025-06-21,6.242436473788143e-05,6.242436473788143e-05,False
2025-06-22,6.007992402025156e-05,6.007992402025156e-05,False
2025-06-23,5.579073025740183e-05,5.579073025740183e-05,False
2025-06-24,8.06813701147812e-05,8.06813701147812e-05,False
2025-06-25,7.077878597171122e-05,7.077878597171122e-05,False
2025-06-26,6.488891630757655e-05,6.488891630757655e-05,False
2025-06-27,4.12393251716542e-05,4.12393251716542e-05,False
2025-06-28,7.410851626177109e-05,7.410851626177109e-05,False
2025-06-29,6.111329397391395e-05,6.111329397391395e-05,False
2025-06-30,5.885530619624127e-05,5.885530619624127e-05,False
2025-07-01,5.116940132069359e-05,5.116940132069359e-05,False
2025-07-02,5.328893805012705e-05,5.328893805012705e-05,False
2025-07-03,5.892483451980512e-05,5.892483451980512e-05,False
2025-07-04,0.0001091070476783,0.0001091070476783,False
2025-07-05,5.519965375699216e-05,5.519965375699216e-05,False
2025-07-06,0.0001022981831943,0.0001022981831943,False
2025-07-07,2.664117700301973e-05,2.664117700301973e-05,False
2025-07-08,4.436253926956769e-05,4.436253926956769e-05,False
2025-07-09,0.000147993266967,0.000147993266967,True
2025-07-10,0.0002374480355264,0.0002374480355264,True
2025-07-11,5.900620339125067e-05,5.900620339125067e-05,False
2025-07-12,-3.0223736634939154e-06,-3.0223736634939154e-06,True
2025-07-13,4.354903745544467e-05,4.354903745544467e-05,False
2025-07-14,0.0001407225006465,0.0001407225006465,False
2025-07-15,6.471239168119621e-05,6.471239168119621e-05,False
2025-07-16,,6.522308615321753e-05,False
2025-07-17,6.573378062523884e-05,6.573378062523884e-05,False
2025-07-18,0.0001625988529431,0.0001625988529431,True
2025-07-19,8.270722258348306e-05,8.270722258348306e-05,False
2025-07-20,7.308260683203077e-05,7.308260683203077e-05,False
2025-07-21,6.070405797706912e-05,6.070405797706912e-05,False
2025-07-22,6.667417127049746e-05,6.667417127049746e-05,False
2025-07-23,5.703672989854675e-05,5.703672989854675e-05,False
2025-07-24,5.108895585800672e-05,5.108895585800672e-05,False
2025-07-25,4.1138940245787504e-05,4.1138940245787504e-05,False
2025-07-26,6.0139824011598485e-05,6.0139824011598485e-05,False
2025-07-27,6.190039044483521e-05,6.190039044483521e-05,False
2025-07-28,5.91078732067384e-05,5.91078732067384e-05,False
2025-07-29,4.813603922030253e-05,4.813603922030253e-05,False
2025-07-30,4.968478896561026e-05,4.968478896561026e-05,False
2025-07-31,5.850918392292361e-05,5.850918392292361e-05,False
2025-08-01,5.694021122380301e-05,5.694021122380301e-05,False
2025-08-02,6.0881978860007e-05,6.0881978860007e-05,False
2025-08-03,6.541816498383949e-05,6.541816498383949e-05,False
2025-08-04,3.256010223722655e-05,3.256010223722655e-05,False
2025-08-05,0.0001508429970317,0.0001508429970317,True
2025-08-06,5.341015105826529e-05,5.341015105826529e-05,False
2025-08-07,7.051876482839175e-05,7.051876482839175e-05,False
2025-08-08,4.905266008399171e-05,4.905266008399171e-05,False
2025-08-09,5.783737195730633e-05,5.783737195730633e-05,False
2025-08-10,5.473518210904445e-05,5.473518210904445e-05,False
2025-08-11,6.253732541656178e-05,6.253732541656178e-05,False
2025-08-12,5.634259534558803e-05,5.634259534558803e-05,False
2025-08-13,5.5939645631988425e-05,5.5939645631988425e-05,False
2025-08-14,7.216042027421224e-05,7.216042027421224e-05,False
2025-08-15,5.721470789830647e-05,5.721470789830647e-05,False
2025-08-16,4.544396257493952e-05,4.544396257493952e-05,False
2025-08-17,4.608347173029062e-05,4.608347173029062e-05,False
2025-08-18,2.119841253374791e-05,2.119841253374791e-05,False
2025-08-19,0.0001293511150913,0.0001293511150913,False
2025-08-20,9.612222514155193e-05,9.612222514155193e-05,False
2025-08-21,0.0001960644142449,0.0001960644142449,True
2025-08-22,8.362861506751151e-05,8.362861506751151e-05,False
2025-08-23,4.6475768978852e-05,4.6475768978852e-05,False
2025-08-24,6.969103907743554e-05,6.969103907743554e-05,False
2025-08-25,7.774956390111614e-05,7.774956390111614e-05,False
2025-08-26,8.760266358393425e-05,8.760266358393425e-05,False
2025-08-27,0.0003550959098257,0.0003550959098257,True
2025-08-28,5.112001041487755e-05,5.112001041487755e-05,False
2025-08-29,6.561614007378528e-05,6.561614007378528e-05,False
2025-08-30,5.74859263676558e-05,5.74859263676558e-05,False
2025-08-31,5.95037433884372e-05,5.95037433884372e-05,False
2025-09-01,5.239822184232655e-05,5.239822184232655e-05,False
2025-09-02,5.649755024873683e-05,5.649755024873683e-05,False
2025-09-03,4.748094955975752e-05,4.748094955975752e-05,False
2025-09-04,5.2921438140212015e-05,5.2921438140212015e-05,False
2025-09-05,7.344347017325304e-05,7.344347017325304e-05,False
2025-09-06,6.988275305923355e-05,6.988275305923355e-05,False
2025-09-07,6.202737195299935e-05,6.202737195299935e-05,False
2025-09-08,7.931916758707694e-05,7.931916758707694e-05,False
2025-09-09,6.911115635826695e-05,6.911115635826695e-05,False
2025-09-10,5.657313334187893e-05,5.657313334187893e-05,False
2025-09-11,5.183806558994917e-05,5.183806558994917e-05,False
2025-09-12,5.510413767830597e-05,5.510413767830597e-05,False
2025-09-13,5.497692665654742e-05,5.497692665654742e-05,False
2025-09-14,5.9183236138358507e-05,5.9183236138358507e-05,False
2025-09-15,5.459594725577258e-05,5.459594725577258e-05,False
2025-09-16,5.200043452913205e-05,5.200043452913205e-05,False
2025-09-17,0.0001688889678295,0.0001688889678295,True
2025-09-18,,9.015445052943803e-05,False
2025-09-19,1.1419933229376074e-05,1.1419933229376074e-05,False
2025-09-20,4.398134161513104e-05,4.398134161513104e-05,False
2025-09-21,3.969203969514877e-05,3.969203969514877e-05,False
2025-09-22,7.436680246772164e-05,7.436680246772164e-05,False
2025-09-23,0.0001463085321373,0.0001463085321373,True
2025-09-24,0.0001254682639733,0.0001254682639733,False
2025-09-25,5.558535759210475e-05,5.558535759210475e-05,False
2025-09-26,6.0896876666080734e-05,6.0896876666080734e-05,False
2025-09-27,6.38826314339697e-05,6.38826314339697e-05,False
2025-09-28,5.545203402476365e-05,5.545203402476365e-05,False
2025-09-29,6.227985161071399e-05,6.227985161071399e-05,False
2025-09-30,,6.508753986287643e-05,False
2025-10-01,,6.789522811503889e-05,False
2025-10-02,7.070291636720133e-05,7.070291636720133e-05,False
2025-10-03,0.0001329237854226,0.0001329237854226,False
2025-10-04,6.806090224337582e-05,6.806090224337582e-05,False
2025-10-05,4.949433987889751e-05,4.949433987889751e-05,False
2025-10-06,7.624466114169364e-05,7.624466114169364e-05,False
2025-10-07,7.561111407589765e-05,7.561111407589765e-05,False
2025-10-08,,7.323940226542021e-05,False
2025-10-09,7.086769045494278e-05,7.086769045494278e-05,False
2025-10-10,6.638694968677426e-05,6.638694968677426e-05,False
2025-10-11,4.127936147589865e-05,4.127936147589865e-05,False
2025-10-12,5.1838793203582414e-05,5.1838793203582414e-05,False
2025-10-13,3.252410187081775e-05,3.252410187081775e-05,False
2025-10-14,6.174833362665021e-05,6.174833362665021e-05,False
2025-10-15,8.099295278831934e-05,8.099295278831934e-05,False
2025-10-16,5.5540821054230064e-05,5.5540821054230064e-05,False
2025-10-17,4.558905578748122e-05,4.558905578748122e-05,False
2025-10-18,5.001680546462393e-05,5.001680546462393e-05,False
2025-10-19,8.904963991246569e-05,8.904963991246569e-05,False
2025-10-20,,7.239807343139194e-05,False
2025-10-21,5.574650695031819e-05,5.574650695031819e-05,False
2025-10-22,9.81693640275499e-05,9.81693640275499e-05,False
2025-10-23,8.063827998828086e-05,8.063827998828086e-05,False
2025-10-24,9.655061272157644e-05,9.655061272157644e-05,False
2025-10-25,9.750598249568448e-05,9.750598249568448e-05,False
2025-10-26,8.15339871303052e-05,8.15339871303052e-05,False
2025-10-27,4.049338197259567e-05,4.049338197259567e-05,False
2025-10-28,3.666355329563886e-05,3.666355329563886e-05,False
2025-10-29,9.543521695075398e-05,9.543521695075398e-05,False
2025-10-30,6.951979210025162e-05,6.951979210025162e-05,False
2025-10-31,4.231889742318978e-05,4.231889742318978e-05,False
2025-11-01,5.796311471810075e-05,5.796311471810075e-05,False
2025-11-02,,6.46618546657499e-05,False
2025-11-03,,7.136059461339905e-05,False
2025-11-04,7.805933456104821e-05,7.805933456104821e-05,False
2025-11-05,8.857166873632209e-05,8.857166873632209e-05,False
2025-11-06,0.0001004312185449,0.0001004312185449,False
2025-11-07,7.463825039460952e-05,7.463825039460952e-05,False
2025-11-08,7.990215873118723e-05,7.990215873118723e-05,False
2025-11-09,,9.624115747699362e-05,False
2025-11-10,0.0001125801562228,0.0001125801562228,False
2025-11-11,0.0001400001526012,0.0001400001526012,False
2025-11-12,6.085340214444083e-05,6.085340214444083e-05,False
2025-11-13,9.776412371354158e-05,9.776412371354158e-05,False
2025-11-14,5.662867545774284e-05,5.662867545774284e-05,False
2025-11-15,7.111558012138649e-05,7.111558012138649e-05,False
2025-11-16,8.676920437216147e-05,8.676920437216147e-05,False
2025-11-17,8.297229792169505e-05,8.297229792169505e-05,False
2025-11-18,0.000105598436428,0.000105598436428,False
2025-11-19,,0.00011228069872734999,False
2025-11-20,0.0001189629610267,0.0001189629610267,False
2025-11-21,9.055148628308156e-05,9.055148628308156e-05,False
2025-11-22,0.0001428664917608,0.0001428664917608,False
2025-11-23,0.0001251526595446,0.0001251526595446,False
2025-11-24,6.554523777917985e-05,6.554523777917985e-05,False
2025-11-25,9.346694711530516e-05,9.346694711530516e-05,False
2025-11-26,0.0001542264859526,0.0001542264859526,True
2025-11-27,0.0001293810505385,0.0001293810505385,False
2025-11-28,7.670231479890229e-05,7.670231479890229e-05,False
2025-11-29,0.0001045816788588,0.0001045816788588,False
2025-11-30,6.302697927956785e-05,6.302697927956785e-05,False
2025-12-01,0.0002320559737939,0.0002320559737939,True
2025-12-02,9.851577662139008e-05,9.851577662139008e-05,False
2025-12-03,0.0001187689716047,0.0001187689716047,False
2025-12-04,,9.945742690594536e-05,False
2025-12-05,8.014588220719072e-05,8.014588220719072e-05,False
2025-12-06,0.0001025336321301,0.0001025336321301,False
2025-12-07,0.0001836685282425,0.0001836685282425,True
2025-12-08,0.0002161252601676,0.0002161252601676,True
2025-12-09,0.000102902538,0.000102902538,False
2025-12-10,0.0001831848792843,0.0001831848792843,True
2025-12-11,0.0001108449132853,0.0001108449132853,False
2025-12-12,0.0001347481011329,0.0001347481011329,False
2025-12-13,9.989048669808293e-05,9.989048669808293e-05,False
2025-12-14,9.1170175296046e-05,9.1170175296046e-05,False
2025-12-15,9.681031069082092e-05,9.681031069082092e-05,False
2025-12-16,4.814135152966397e-05,4.814135152966397e-05,False
2025-12-17,0.0001348920903813,0.0001348920903813,False
2025-12-18,8.147525347149104e-05,8.147525347149104e-05,False
2025-12-19,9.450922520315468e-05,9.450922520315468e-05,False
2025-12-20,6.616904575003623e-05,6.616904575003623e-05,False
2025-12-21,8.22947415842679e-05,8.22947415842679e-05,False
2025-12-22,7.86570876635526e-05,7.86570876635526e-05,False
2025-12-23,0.000112786545277,0.000112786545277,False
2025-12-24,0.0001038803594288,0.0001038803594288,False
2025-12-25,9.734700748211434e-05,9.734700748211434e-05,False
2025-12-26,7.810381573423506e-05,7.810381573423506e-05,False
2025-12-27,4.475930807088395e-05,4.475930807088395e-05,False
2025-12-28,8.496666516743178e-05,8.496666516743178e-05,False
2025-12-29,0.0001446557928915,0.0001446557928915,True
2025-12-30,9.71888639043584e-05,9.71888639043584e-05,False
2025-12-31,,9.71888639043584e-05,False
